-- Vidage des tables dans l'ordre inverse des dépendances
DELETE FROM EvaluateurJury;
DELETE FROM CompetiteurParticipe;
DELETE FROM ClubParticipe;
DELETE FROM Evaluation;
DELETE FROM Dessin;
DELETE FROM Concours;
DELETE FROM Competiteur;
DELETE FROM Evaluateur;
DELETE FROM Directeur;
DELETE FROM Administrateur;
DELETE FROM President;
DELETE FROM Utilisateur;
DELETE FROM Club;

-- Réinitialisation des données

-- Table Club (6 clubs pour respecter la contrainte de participation à un concours)
INSERT INTO Club (numClub, nomClub, adresse, numTelephone, nombreAdherents, ville, departement, region)
VALUES
    (1, 'Artistes Lyonnais', '10 Rue de la Peinture, Lyon', '0478561234', 16, 'Lyon', 'Rhone', 'Auvergne-Rhone-Alpes'),
    (2, 'Createurs Parisiens', '22 Avenue des Arts, Paris', '0156789123', 15, 'Paris', 'Ile-de-France', 'Ile-de-France'),
    (3, 'Peintres Marseillais', '15 Rue de l"Art, Marseille', '0491256789', 15, 'Marseille', 'Bouches-du-Rhone', 'Provence-Alpes-Cote d"Azur'),
    (4, 'Peintres Bordelais', '30 Rue du Tableau, Bordeaux', '0556123456', 15, 'Bordeaux', 'Gironde', 'Nouvelle-Aquitaine'),
    (5, 'Artistes Toulousains', '12 Avenue de l"Art, Toulouse', '0562556789', 15, 'Toulouse', 'Haute-Garonne', 'Occitanie'),
    (6, 'Createurs Nimois', '20 Rue des Couleurs, Nimes', '0466245789', 14, 'Nîmes', 'Gard', 'Occitanie'),
    (7, 'Artisans Strasbourgeois', '8 Place des Arts, Strasbourg', '0388245678', 16, 'Strasbourg', 'Bas-Rhin', 'Grand Est'),
    (8, 'Peintres Lillois', '5 Rue des Toiles, Lille', '0320246789', 14, 'Lille', 'Nord', 'Hauts-de-France'),
    (9, 'Sculpteurs Nantais', '18 Boulevard de la Sculpture, Nantes', '0240123456', 15, 'Nantes', 'Loire-Atlantique', 'Pays de la Loire'),
    (10, 'Artistes Rennais', '25 Avenue de la Palette, Rennes', '0299556677', 14, 'Rennes', 'Ille-et-Vilaine', 'Bretagne');

-- Table Utilisateur
INSERT INTO Utilisateur (numUtilisateur, nom, prenom, age, adresse, login, motDePasse, numClub)
VALUES
    (1, 'Martin', 'Claire', 25, '5 Rue des Dessins, Lyon', 'cmartin', 'pass123', 1),
    (2, 'Dupont', 'Luc', 30, '8 Avenue de l"Art, Paris', 'ldupont', 'pass456', 2),
    (3, 'Durand', 'Emma', 22, '3 Boulevard des Peintres, Lyon', 'edurand', 'pass789', 1),
    (4, 'Leclerc', 'Julien', 28, '10 Rue des Artistes, Paris', 'jleclerc', 'pass000', 2),
    (5, 'Dubois', 'Marc', 35, '1 Rue du Tableau, Marseille', 'mdubois', 'pass111', 3),
    (6, 'Fournier', 'Sophie', 27, '5 Avenue des Arts, Bordeaux', 'sfournier', 'pass222', 4),

    (7, 'Lemoine', 'Pierre', 40, '3 Rue des Peintres, Toulouse', 'admin', 'admin', 5),

    (8, 'Benoit', 'Thomas', 32, '2 Avenue de l"Art, Nîmes', 'tbenoit', 'pass444', 6),
    (9, 'Morel', 'Alice', 29, '12 Rue du Design, Lille', 'amorel', 'pass555', 7),
    (10, 'Roux', 'Antoine', 33, '18 Rue des Sculpteurs, Lyon', 'aroux', 'pass666', 5),
    (11, 'Petit', 'Elodie', 26, '25 Rue de l"Impression, Paris', 'epetit', 'pass777', 8),
    (12, 'Garcia', 'Hugo', 31, '30 Avenue du Futur, Bordeaux', 'hgarcia', 'pass888', 7),
    (13, 'Bernard', 'Nina', 24, '22 Rue des Arts, Marseille', 'nbernard', 'pass999', 7),
    (14, 'Girard', 'Paul', 28, '15 Boulevard du Minimalisme, Lyon', 'pgirard', 'pass101', 9),
    (15, 'Andre', 'Chloe', 22, '5 Place de la Lumière, Nîmes', 'candre', 'pass202', 10),
    (16, 'Lopez', 'Maxime', 34, '9 Rue des Fresques, Paris', 'mlopez', 'pass303', 9),
    (17, 'Fernandez', 'Juliette', 21, '20 Avenue du Dessin, Toulouse', 'jfernandez', 'pass404', 1),

    (18, 'Mercier', 'Alexandre', 27, '10 Rue du Graffiti, Marseille', 'amercier', 'pass505', 1),
    (19, 'Lambert', 'Lucie', 23, '8 Avenue des Couleurs, Lille', 'llambert', 'pass606', 1),
    (20, 'Bonnet', 'Victor', 36, '6 Rue du Futurisme, Paris', 'vbonnet', 'pass707', 1),
    (21, 'Dupuis', 'Sarah', 25, '4 Boulevard de l"Art Moderne, Lyon', 'sdupuis', 'pass808', 2),
    (22, 'Schmitt', 'Quentin', 30, '3 Rue des Lumières, Bordeaux', 'qschmitt', 'pass909', 2),
    (23, 'Colin', 'Amelie', 28, '7 Avenue des Paysages, Toulouse', 'acolin', 'pass010', 2),
    (24, 'Barbier', 'Leo', 32, '2 Rue des Céramiques, Nîmes', 'lbarbier', 'pass111', 3),
    (25, 'Gauthier', 'Marie', 29, '11 Rue de la Sculpture, Lille', 'mgauthier', 'pass222', 3),
    (26, 'Chevalier', 'Louis', 35, '16 Avenue des Abstraits, Marseille', 'lchevalier', 'pass333', 3),
    (27, 'Moulin', 'Manon', 24, '19 Boulevard des Arts, Paris', 'mmoulin', 'pass444', 4),
    (28, 'Perez', 'Hugo', 31, '14 Rue du Tableau Vivant, Lyon', 'hperez', 'pass555', 4),
    (29, 'Rey', 'Emma', 22, '1 Rue de la Lumière, Toulouse', 'erey', 'pass666', 4),
    (30, 'Legran', 'Julie', 27, '20 Avenue des Impressionnistes, Lille', 'jlegran', 'pass777', 5),
    (31, 'Vidal', 'Mathieu', 33, '17 Rue du Design Urbain, Nîmes', 'mvidal', 'pass888', 5),
    (32, 'Roy', 'Camille', 26, '13 Boulevard des Fresques, Bordeaux', 'croy', 'pass999', 5),
    (33, 'Perrin', 'Lucas', 28, '22 Rue des Abstractions, Lyon', 'lperrin', 'pass010', 6),
    (34, 'Blanc', 'Elisa', 25, '18 Avenue des Peintures, Paris', 'eblanc', 'pass111', 6),
    (35, 'Mallet', 'Arthur', 30, '4 Boulevard de l"Art Urbain, Bordeaux', 'amallet', 'pass222', 6),
    (36, 'Noir', 'Justine', 29, '12 Rue du Dessin Contemporain, Marseille', 'jnoir', 'pass333', 7),
    (37, 'Renaud', 'Adrien', 34, '3 Avenue des Fresques, Lille', 'arenaud', 'pass444', 7),
    (38, 'Fabre', 'Louise', 23, '7 Rue des Couleurs, Toulouse', 'lfabre', 'pass555', 7),
    (39, 'Perrot', 'Theo', 28, '9 Place de l"Impression, Lyon', 'tperrot', 'pass666', 8),
    (40, 'Simon', 'Marie', 32, '15 Avenue des Sculpteurs, Paris', 'msimon', 'pass777', 8),
    (41, 'Grange', 'Hugo', 27, '11 Boulevard du Minimalisme, Bordeaux', 'hgrange', 'pass888', 8),
    (42, 'Brun', 'Alice', 24, '10 Rue des Paysages, Marseille', 'abrun', 'pass999', 9),
    (43, 'Gaillard', 'Victor', 30, '2 Rue du Graffiti, Lille', 'vgaillard', 'pass010', 9),
    (44, 'Chartier', 'Lucie', 28, '6 Avenue des Céramiques, Lyon', 'lchartier', 'pass111', 9),
    (45, 'Olivier', 'Paul', 33, '5 Place de l"Abstraction, Toulouse', 'polivier', 'pass222', 10),
    (46, 'Rossi', 'Chloe', 29, '9 Boulevard de la Lumière, Marseille', 'crossi', 'pass333', 10),
    (47, 'Baron', 'Leo', 31, '14 Rue des Arts Modernes, Paris', 'lbaron', 'pass444', 10),

    (48, 'Paris', 'Emma', 22, '19 Avenue des Designs, Lille', 'eparis', 'pass555', 1),
    (49, 'Rolland', 'Camille', 27, '21 Boulevard des Peintures, Bordeaux', 'crolland', 'pass666', 1),
    (50, 'Renault', 'Antoine', 34, '4 Rue des Sculptures Urbaines, Lyon', 'arenault', 'pass777', 1),
    (51, 'Guerin', 'Elodie', 25, '16 Avenue de l"Art, Toulouse', 'eguerin', 'pass888', 1),
    (52, 'Collet', 'Maxime', 28, '12 Rue des Tableaux, Marseille', 'mcollet', 'pass999', 1),
    (53, 'Millet', 'Alice', 30, '8 Boulevard des Arts, Paris', 'amillet', 'pass010', 1),
    (54, 'Boucher', 'Hugo', 33, '13 Avenue des Impressionnistes, Lyon', 'hboucher', 'pass111', 1),
    (55, 'Poulain', 'Manon', 24, '5 Place des Lumières, Bordeaux', 'mpoulain', 'pass222', 1),
    (56, 'Lemoine', 'Theo', 29, '7 Rue du Design Futuriste, Marseille', 'tlemoine', 'pass333', 1),
    (57, 'Levesque', 'Nina', 27, '3 Avenue des Graffitis, Lille', 'nlevesque', 'pass444', 1),

    (58, 'Albert', 'Lucas', 31, '22 Boulevard du Dessin Urbain, Toulouse', 'lalbert', 'pass555', 2),
    (59, 'Lemoal', 'Juliette', 28, '20 Rue de l"Abstraction, Lyon', 'jlemoal', 'pass666', 2),
    (60, 'Clément', 'Victor', 34, '17 Avenue des Paysages, Marseille', 'vclement', 'pass777', 2),
    (61, 'Briand', 'Sarah', 25, '9 Place des Impressionnistes, Bordeaux', 'sbriand', 'pass888', 2),
    (62, 'Vallet', 'Emma', 29, '11 Rue des Peintures Classiques, Paris', 'evallet', 'pass999', 2),
    (63, 'Fleury', 'Paul', 32, '14 Avenue des Sculpteurs Modernes, Lille', 'pfleury', 'pass010', 2),
    (64, 'Verdier', 'Claire', 27, '6 Rue du Design Minimaliste, Marseille', 'cverdier', 'pass111', 2),
    (65, 'Picard', 'Leo', 30, '2 Boulevard des Arts Contemporains, Toulouse', 'lpicard', 'pass222', 2),
    (66, 'Renard', 'Chloe', 24, '19 Rue des Céramiques Artisanales, Paris', 'crenard', 'pass333', 2),
    (67, 'Masson', 'Lucas', 33, '3 Avenue des Graffitis Urbains, Lyon', 'lmasson', 'pass444', 2),

    (68, 'Marchand', 'Alice', 28, '7 Rue des Couleurs Naturelles, Bordeaux', 'amarchand', 'pass555', 3),
    (69, 'Gillet', 'Antoine', 35, '20 Boulevard des Dessins Urbains, Marseille', 'agillet', 'pass666', 3),
    (70, 'Cheval', 'Juliette', 22, '10 Rue des Impressionnistes, Lille', 'jcheval', 'pass777', 3),
    (71, 'Legrand', 'Julie', 29, '15 Rue des Couleurs, Toulouse', 'jlegrand', 'pass202', 3),
    (72, 'Moreau', 'Paul', 31, '16 Rue des Fresques, Toulouse', 'pmoreau', 'pass303', 3),
    (73, 'Roussel', 'Louis', 27, '17 Rue des Sculpteurs, Toulouse', 'lroussel', 'pass404', 3),
    (74, 'Lefevre', 'Arthur', 34, '18 Rue des Artistes, Toulouse', 'alefevre', 'pass505', 3),
    (75, 'Laurent', 'Elodie', 25, '19 Rue du Tableau, Toulouse', 'elaurent', 'pass606', 3),
    (76, 'Deschamps', 'Sophie', 28, '23 Avenue de l"Art Nouveau, Paris', 'sdeschamps', 'pass707', 3),
    (77, 'Beaumont', 'Nicolas', 32, '31 Rue des Ateliers, Lyon', 'nbeaumont', 'pass808', 3),

    (78, 'Delaunay', 'Charlotte', 24, '27 Boulevard des Créateurs, Marseille', 'cdelaunay', 'pass909', 4),
    (79, 'Fontaine', 'Gabriel', 30, '14 Place de l"Innovation, Bordeaux', 'gfontaine', 'pass121', 4),
    (80, 'Bouvier', 'Léa', 27, '8 Rue de l"Expression, Toulouse', 'lbouvier', 'pass131', 4),
    (81, 'Lacroix', 'Mathis', 33, '16 Avenue des Talents, Nantes', 'mlacroix', 'pass141', 4),
    (82, 'Germain', 'Inès', 29, '22 Rue de l"Imagination, Lille', 'igermain', 'pass151', 4),
    (83, 'Hubert', 'Raphaël', 28, '9 Boulevard des Créatifs, Strasbourg', 'rhubert', 'pass161', 4),
    (84, 'Dumont', 'Clara', 31, '11 Avenue des Portraits, Montpellier', 'cdumont', 'pass171', 4),
    (85, 'Vasseur', 'Nathan', 25, '25 Rue des Esquisses, Rennes', 'nvasseur', 'pass181', 4),
    (86, 'Lemaire', 'Eva', 22, '33 Boulevard de l"Art Digital, Nice', 'elemaire', 'pass191', 4),
    (87, 'Boulay', 'Maxence', 34, '18 Rue des Compositions, Reims', 'mboulay', 'pass201', 4),

    (88, 'Peltier', 'Jade', 27, '20 Avenue des Perspectives, Grenoble', 'jpeltier', 'pass211', 5),
    (89, 'Bourgeois', 'Simon', 30, '12 Rue des Installations, Dijon', 'sbourgeois', 'pass221', 5),
    (90, 'Jacquet', 'Maëlle', 28, '28 Boulevard des Performances, Angers', 'mjacquet', 'pass231', 5),
    (91, 'Renard', 'Baptiste', 32, '15 Avenue des Expositions, Le Mans', 'brenard', 'pass241', 5),
    (92, 'Guillot', 'Lina', 24, '21 Rue des Arts Numériques, Nantes', 'lguillot', 'pass251', 5),
    (93, 'Meunier', 'Robin', 29, '24 Avenue des Créations, Strasbourg', 'rmeunier', 'pass261', 5),
    (94, 'Tanguy', 'Flora', 33, '29 Boulevard des Studios, Montpellier', 'ftanguy', 'pass271', 5),
    (95, 'Bertin', 'Oscar', 27, '32 Rue de l"Art Contemporain, Nice', 'obertin', 'pass281', 5),
    (96, 'Seguin', 'Romane', 31, '26 Avenue des Galeries, Reims', 'rseguin', 'pass291', 5),
    (97, 'Marty', 'Bastien', 28, '17 Rue des Vernissages, Grenoble', 'bmarty', 'pass301', 5),

    (98, 'Leroy', 'Margaux', 25, '13 Place des Expositions, Dijon', 'mleroy', 'pass311', 6),
    (99, 'Aubert', 'Théo', 30, '8 Boulevard des Ateliers, Angers', 'taubert', 'pass321', 6),
    (100, 'Pelletier', 'Zoé', 27, '19 Rue des Créateurs, Le Mans', 'zpelletier', 'pass331', 6),
    (101, 'Carpentier', 'Alex', 32, '23 Avenue de l"Innovation, Caen', 'acarpentier', 'pass341', 6),
    (102, 'Navarro', 'Léonie', 28, '28 Rue des Galeries, Orléans', 'lnavarro', 'pass351', 6),
    (103, 'Brunet', 'Samuel', 34, '31 Boulevard des Artistes, Rouen', 'sbrunet', 'pass361', 6),
    (104, 'Wagner', 'Ambre', 29, '16 Place de la Création, Metz', 'awagner', 'pass371', 6),
    (105, 'Lebrun', 'Valentin', 33, '12 Rue des Studios, Perpignan', 'vlebrun', 'pass381', 6),
    (106, 'Duval', 'Carla', 24, '25 Avenue des Arts Plastiques, Mulhouse', 'cduval', 'pass391', 6),
    (107, 'Salmon', 'Nolan', 31, '30 Boulevard des Expositions, Brest', 'nsalmon', 'pass401', 6),

    (108, 'Tessier', 'Océane', 27, '14 Rue de l"Art Urbain, Amiens', 'otessier', 'pass411', 7),
    (109, 'Perret', 'Dylan', 28, '27 Avenue des Vernissages, Limoges', 'dperret', 'pass421', 7),
    (110, 'Michaud', 'Lilou', 32, '22 Place des Créations, Bayonne', 'lmichaud', 'pass431', 7),
    (111, 'Lesage', 'Ethan', 28, '18 Boulevard des Innovations, Besançon', 'elesage', 'pass441', 7),
    (112, 'Berthelot', 'Anaïs', 32, '11 Rue des Performances, Poitiers', 'aberthelot', 'pass451', 7),
    (113, 'Vaillant', 'Enzo', 25, '33 Avenue des Studios, Saint-Étienne', 'evaillant', 'pass461', 7),
    (114, 'Guilbert', 'Capucine', 29, '15 Place de l"Art Digital, Toulon', 'cguilbert', 'pass471', 7),
    (115, 'Thibault', 'Axel', 34, '20 Rue des Expositions, Pau', 'athibault', 'pass481', 7),
    (116, 'Reynaud', 'Lola', 27, '24 Boulevard des Ateliers, Nancy', 'lreynaud', 'pass491', 7),
    (117, 'Cordier', 'Tom', 31, '29 Avenue des Créateurs, Tours', 'tcordier', 'pass501', 7),

    (118, 'Godin', 'Maeva', 22, '13 Rue de l"Art Moderne, Clermont-Ferrand', 'mgodin', 'pass511', 8),
    (119, 'Coulon', 'Nino', 30, '28 Place des Galeries, Versailles', 'ncoulon', 'pass521', 8),
    (120, 'Pascal', 'Lena', 26, '16 Boulevard des Innovations, Cannes', 'lpascal', 'pass531', 8),
    (121, 'Boutin', 'Mathéo', 28, '21 Rue des Arts Visuels, La Rochelle', 'mboutin', 'pass541', 8),
    (122, 'Charpentier', 'Louna', 24, '26 Avenue des Studios, Antibes', 'lcharpentier', 'pass551', 8),
    (123, 'Humbert', 'Timéo', 33, '32 Place des Créations, Calais', 'thumbert', 'pass561', 8),
    (124, 'Guyot', 'Alicia', 29, '17 Boulevard des Expositions, Colmar', 'aguyot', 'pass571', 8),
    (125, 'Chevallier', 'Martin', 35, '23 Rue de l"Art Contemporain, Béziers', 'mchevallier', 'pass581', 8),
    (126, 'Bouvet', 'Célia', 21, '19 Avenue des Vernissages, Dunkerque', 'cbouvet', 'pass591', 8),
    (127, 'Imbert', 'Lorenzo', 36, '14 Place des Innovations, Arles', 'limbert', 'pass601', 8),

    (128, 'Marin', 'Jeanne', 23, '30 Boulevard des Ateliers, Chartres', 'jmarin', 'pass611', 9),
    (129, 'Guichard', 'Kylian', 28, '25 Rue des Performances, Niort', 'kguichard', 'pass621', 9),
    (130, 'Descamps', 'Camille', 34, '11 Avenue des Studios, Chambéry', 'cdescamps', 'pass631', 9),
    (131, 'Gros', 'Romain', 27, '27 Place de l"Art Digital, Vannes', 'rgros', 'pass641', 9),
    (132, 'Langlois', 'Yasmine', 31, '22 Boulevard des Créations, Sète', 'ylanglois', 'pass651', 9),
    (133, 'Blanchet', 'Aaron', 24, '18 Rue des Expositions, Beauvais', 'ablanchet', 'pass661', 9),
    (134, 'Valentin', 'Agathe', 30, '33 Avenue des Galeries, Cholet', 'avalentin', 'pass671', 9),
    (135, 'Gregoire', 'Sacha', 28, '15 Place des Innovations, Roanne', 'sgregoire', 'pass681', 9),
    (136, 'Bouchet', 'Louane', 32, '20 Rue de l"Art Moderne, Blois', 'lbouchet', 'pass691', 9),
    (137, 'Sabatier', 'Noam', 26, '24 Boulevard des Ateliers, Bastia', 'nsabatier', 'pass701', 9),

    (138, 'Delmas', 'Clémence', 29, '29 Avenue des Studios, Mérignac', 'cdelmas', 'pass711', 10),
    (139, 'Caron', 'Loan', 33, '13 Place des Créations, Saint-Malo', 'lcaron', 'pass721', 10),
    (140, 'Buisson', 'Pauline', 25, '28 Rue des Performances, Belfort', 'pbuisson', 'pass731', 10),
    (141, 'Goujon', 'Rafael', 34, '16 Boulevard de l"Art Digital, Albi', 'rgoujon', 'pass741', 10),
    (142, 'Pichon', 'Héloïse', 28, '21 Avenue des Expositions, Lorient', 'hpichon', 'pass751', 10),
    (143, 'Grandjean', 'Marius', 31, '26 Place des Innovations, Montauban', 'mgrandjean', 'pass761', 10),
    (144, 'Leblanc', 'Constance', 27, '32 Rue des Galeries, Brive', 'cleblanc', 'pass771', 10),
    (145, 'Bazin', 'Tristan', 36, '17 Boulevard des Ateliers, Carcassonne', 'tbazin', 'pass781', 10),
    (146, 'Lacombe', 'Apolline', 22, '23 Avenue des Studios, Chalon', 'alacombe', 'pass791', 10),
    (147, 'Allard', 'César', 35, '19 Place de l"Art Contemporain, Vienne', 'callard', 'pass801', 10),

    (148, 'Forestier', 'Lise', 24, '14 Rue des Créations, Laval', 'lforestier', 'pass811', 3),
    (149, 'Perrier', 'Rémi', 30, '30 Boulevard des Performances, Meaux', 'rperrier', 'pass821', 4),
    (150, 'Dufour', 'Félicie', 28, '25 Avenue des Innovations, Quimper', 'fdufour', 'pass831', 5);


-- Table President (Un président pour chaque concours)
INSERT INTO President (numPresident, prime)
VALUES
    (1, 3200.00),
    (2, 3000.00),
    (3, 1500.00),
    (4, 5500.00),
    (5, 2000.00),
    (6, 3000.00);


-- Table Administrateur
INSERT INTO Administrateur (numAdministrateur, dateDebut)
VALUES
(7, '2020-01-01');

-- Table Directeur
INSERT INTO Directeur (numDirecteur, dateDebut, numClub)
VALUES
    (8, '2021-03-15', 1),
    (9, '2020-06-10', 2),
    (10, '2022-05-01', 3),
    (11, '2019-11-20', 4),
    (12, '2023-01-05', 5),
    (13, '2022-09-12', 6),
    (14, '2021-07-18', 7),
    (15, '2020-04-22', 8),
    (16, '2023-03-10', 9),
    (17, '2022-12-01', 10);

-- Table Competiteur (Les compétiteurs sont répartis dans différents concours)
INSERT INTO Competiteur (numCompetiteur, datePremiereParticipation)
VALUES
    (18, '2025-01-10'),
    (21, '2025-04-05'),
    (24, '2025-08-15'),
    (48, '2025-01-10'),
    (49, '2025-04-05'),
    (50, '2025-08-15'),
    (51, '2025-10-20'),
    (52, '2023-04-15'),
    (53, '2023-07-18'),
    (58, '2024-09-20'),
    (59, '2024-12-15'),
    (60, '2025-01-10'),
    (61, '2025-04-05'),
    (62, '2025-08-15'),
    (63, '2025-10-20'),
    (68, '2024-04-10'),
    (69, '2024-07-15'),
    (70, '2024-09-20'),
    (71, '2024-12-15'),
    (72, '2025-01-10'),
    (73, '2025-04-05'),
    (78, '2023-09-05'),
    (79, '2023-12-17'),
    (80, '2024-04-10'),
    (81, '2024-07-15'),
    (82, '2024-09-20'),
    (83, '2024-12-15'),
    (88, '2023-04-15'),
    (89, '2023-07-18'),
    (90, '2023-09-05'),
    (91, '2023-12-17'),
    (92, '2024-04-10'),
    (93, '2024-07-15'),
    (98, '2025-08-15'),
    (99, '2025-10-20'),
    (100, '2023-04-15'),
    (101, '2023-07-18'),
    (102, '2023-09-05'),
    (103, '2023-12-17'),
    (108, '2025-01-10'),
    (109, '2025-04-05'),
    (110, '2025-08-15'),
    (111, '2025-10-20'),
    (112, '2023-04-15'),
    (113, '2023-07-18'),
    (118, '2024-09-20'),
    (119, '2024-12-15'),
    (120, '2025-01-10'),
    (121, '2025-04-05'),
    (122, '2025-08-15'),
    (123, '2025-10-20'),
    (128, '2024-04-10'),
    (129, '2024-07-15'),
    (130, '2024-09-20'),
    (131, '2024-12-15'),
    (132, '2025-01-10'),
    (133, '2025-04-05'),
    (138, '2023-09-05'),
    (139, '2023-12-17'),
    (140, '2024-04-10'),
    (141, '2025-04-05'),
    (142, '2025-08-15'),
    (143, '2025-10-20');


-- Table Concours (Assurer qu'il y a 6 concours en tout, un pour chaque saison et chaque concours doit avoir 6 clubs)
INSERT INTO Concours (numConcours, theme, dateDebut, dateFin, etat, descriptif, numPresident)
VALUES
    (1, 'Paysages Naturels', '2023-04-15', '2023-04-25', 'Evalue', 'Un concours mettant en avant des représentations artistiques de paysages naturels à travers différents médiums.', 1),
    (2, 'Art Abstrait', '2023-07-18', '2023-07-28', 'Evalue', 'Exploration des formes et couleurs abstraites, offrant une liberté totale à l"imagination des artistes.', 2),
    (3, 'Peintures Classiques', '2023-09-05', '2023-09-15', 'Evalue', 'Un hommage aux techniques et styles traditionnels de la peinture classique.', 3),
    (4, 'Sculptures Modernes', '2023-12-17', '2023-12-27', 'Evalue', 'Une compétition mettant en lumière des œuvres sculpturales innovantes et modernes.', 4),
    (5, 'Arts Contemporains', '2024-04-10', '2024-04-20', 'Evalue', 'Un concours dédié aux créations contemporaines qui reflètent notre époque actuelle.', 2),
    (6, 'Art en Nature', '2024-07-15', '2024-07-25', 'Evalue', 'Des œuvres artistiques réalisées en harmonie avec la nature ou à partir d"éléments naturels.', 5),
    (7, 'Photographies Urbaines', '2024-09-20', '2024-09-30', 'Evalue', 'Mise en valeur de la vie urbaine et des paysages citadins à travers la photographie.', 6),
    (8, 'Graffiti et Street Art', '2024-12-15', '2024-12-25', 'En attente des résultats', 'Un concours célébrant l"art de la rue et la créativité des graffeurs.', 3),
    (9, 'Peintures Impressionnistes', '2025-01-10', '2025-01-20', 'En cours', 'Une invitation à reproduire la magie de la lumière et des couleurs propres à l"impressionnisme.', 4),
    (10, 'Design Minimaliste', '2025-04-05', '2025-04-15', 'Non commence', 'Exploration du design épuré et fonctionnel, centré sur la simplicité et l"essentiel.', 3),
    (11, 'Architecture Futuriste', '2025-08-15', '2025-08-25', 'Non commence', 'Un concours de conceptions architecturales visionnaires tournées vers l"avenir.', 6),
    (12, 'Céramiques Artisanales', '2025-10-20', '2025-10-30', 'Non commence', 'Un concours mettant en avant le savoir-faire artisanal et les créations en céramique.', 1);


-- Table Dessin (Un compétiteur     peut déposer jusqu'à 3 dessins par concours)
INSERT INTO Dessin (numDessin, commentaire, classement, dateRemise, leDessin, numConcours, numCompetiteur)
VALUES
    (1, 'Explosion de couleurs vibrantes.', 1, '2023-04-20', NULL, 1, 18),
    (2, 'Conception futuriste.', 2, '2023-04-20', NULL, 1, 18),
    (3, 'Art abstrait, mais fascinant.', 1, '2023-04-20', NULL, 1, 48),
    (4, 'Fusion des formes géométriques.', 2, '2023-04-20', NULL, 1, 49),
    (5, 'Palette de couleurs éclatantes.', 1, '2023-04-20', NULL, 1, 50),
    (6, 'Style avant-gardiste.', 2, '2023-04-20', NULL, 1, 51),
    (7, 'Abstraction intrigante.', 1, '2023-04-20', NULL, 1, 52),
    (8, 'Jeu de formes et d’espaces.', 2, '2023-04-20', NULL, 1, 53),
    (9, 'Explosion chromatique intense.', 1, '2023-04-20', NULL, 1, 21),
    (10, 'Innovation dans chaque détail.', 2, '2023-04-20', NULL, 1, 58),
    (11, 'Abstraction fascinante.', 1, '2023-04-20', NULL, 1, 59),
    (12, 'Voyage dans l’univers géométrique.', 2, '2023-04-20', NULL, 1, 59),
    (13, 'Magnifique rendu des teintes.', 1, '2023-04-20', NULL, 1, 60),
    (14, 'Concept unique et moderne.', 2, '2023-04-20', NULL, 1, 60),
    (15, 'Abstraction captivante.', 1, '2023-04-20', NULL, 1, 61),
    (16, 'Déconstruction des formes classiques.', 2, '2023-04-20', NULL, 1, 62),
    (17, 'Jeux de couleurs en mouvement.', 1, '2023-04-20', NULL, 1, 63),
    (18, 'Vision futuriste du design.', 2, '2023-04-20', NULL, 1, 24),
    (19, 'Impression visuelle marquante.', 1, '2023-04-20', NULL, 1, 68),
    (20, 'Expérimentation géométrique audacieuse.', 2, '2023-04-20', NULL, 1, 68),
    (21, 'Palette de nuances éclatantes.', 1, '2023-04-20', NULL, 1, 68),
    (22, 'Sculpture de formes abstraites.', 2, '2023-04-20', NULL, 1, 69),
    (23, 'Harmonie visuelle abstraite.', 1, '2023-04-20', NULL, 1, 70),
    (24, 'Déformation créative des géométries.', 2, '2023-04-20', NULL, 1, 71),
    (25, 'Jeux de contrastes visuels.', 1, '2023-04-20', NULL, 1, 71),
    (26, 'Design audacieux et moderne.', 2, '2023-04-20', NULL, 1, 72),
    (27, 'Abstraction poignante.', 1, '2023-04-20', NULL, 1, 73),
    (28, 'Inspiration géométrique dans l’espace.', 2, '2023-04-20', NULL, 1, 78),
    (29, 'Rendement intense des couleurs.', 1, '2023-04-20', NULL, 1, 79),
    (30, 'Innovations dans les lignes et formes.', 2, '2023-04-20', NULL, 1, 80),
    (31, 'Abstraction d’un monde parallèle.', 1, '2023-04-20', NULL, 1, 80),
    (32, 'Exploration géométrique extrême.', 2, '2023-04-20', NULL, 1, 81),
    (33, 'Explosion de tonalités colorées.', 1, '2023-04-20', NULL, 1, 81),
    (34, 'Conception épurée et moderne.', 2, '2023-04-20', NULL, 1, 81),
    (35, 'Création artistique audacieuse.', 1, '2023-04-20', NULL, 1, 82),
    (36, 'Voyage dans le monde des géométries.', 2, '2023-04-20', NULL, 1, 83),
    (37, 'Harmonie parfaite des formes géométriques.', 2, '2023-04-20', NULL, 1, 98),
    (38, 'Teintes vives et éclatantes.', 1, '2023-04-20', NULL, 1, 98),
    (39, 'Design novateur et structuré.', 2, '2023-04-20', NULL, 1, 99),
    (40, 'Abstraction impressionnante.', 1, '2023-04-20', NULL, 1, 100),
    (41, 'Représentation des formes en mouvement.', 2, '2023-04-20', NULL, 1, 100),
    (42, 'Somptueux rendu de la palette chromatique.', 1, '2023-04-20', NULL, 1, 101),
    (43, 'Dynamisme dans la structure des formes.', 2, '2023-04-20', NULL, 1, 102),
    (44, 'Création d’une vision abstraite puissante.', 1, '2023-04-20', NULL, 1, 103),
    (45, 'Équilibre fascinant des formes géométriques.', 2, '2023-04-20', NULL, 1, 103),
    (46, 'Résonance des formes et couleurs.', 2, '2023-04-20', NULL, 1, 103),
    (47, 'Création géométrique fascinante.', 2, '2023-04-20', NULL, 1, 108),
    (48, 'Palette de couleurs énergisantes.', 1, '2023-04-20', NULL, 1, 109),
    (49, 'Formes modernes et dynamiques.', 2, '2023-04-20', NULL, 1, 110),
    (50, 'Abstraction fluide et captivante.', 1, '2023-04-20', NULL, 1, 111),
    (51, 'Design visuel géométrique et fluide.', 2, '2023-04-20', NULL, 1, 112),
    (52, 'Structure géométrique audacieuse et innovante.', 2, '2023-04-20', NULL, 1, 113),
    (53, 'Nuances colorées éclatantes et contrastées.', 1, '2023-04-20', NULL, 1, 113),
    (54, 'Style moderne et expérimental.', 2, '2023-04-20', NULL, 1, 118),
    (55, 'Création visuelle saisissante et abstraite.', 1, '2023-04-20', NULL, 1, 119),
    (56, 'Exploration géométrique avec des formes audacieuses.', 2, '2023-04-20', NULL, 1, 120),
    (57, 'Palette dynamique de couleurs audacieuses.', 1, '2023-04-20', NULL, 1, 121),
    (58, 'Design futuriste avec une touche géométrique.', 2, '2023-04-20', NULL, 1, 122),
    (59, 'Art abstrait d’une grande force visuelle.', 1, '2023-04-20', NULL, 1, 122),
    (60, 'Fusion parfaite des formes et couleurs.', 2, '2023-04-20', NULL, 1, 123),
    (61, 'Tres beau rendu des couleurs.', 1, '2023-07-25', NULL, 2, 18),
    (62, 'Design innovant.', 2, '2023-07-25', NULL, 2, 48),
    (63, 'Abstrait, mais captivant.', 1, '2023-07-25', NULL, 2, 49),
    (64, 'Exploration des formes géométriques.', 2, '2023-07-25', NULL, 2, 49),
    (65, 'Tres beau rendu des couleurs.', 1, '2023-07-25', NULL, 2, 50),
    (66, 'Design innovant.', 2, '2023-07-25', NULL, 2, 51),
    (67, 'Abstrait, mais captivant.', 1, '2023-07-25', NULL, 2, 52),
    (68, 'Exploration des formes géométriques.', 2, '2023-07-25', NULL, 2, 52),
    (69, 'Tres beau rendu des couleurs.', 1, '2023-07-25', NULL, 2, 53),
    (70, 'Design innovant.', 2, '2023-07-25', NULL, 2, 21),
    (71, 'Abstrait, mais captivant.', 1, '2023-07-25', NULL, 2, 58),
    (72, 'Exploration des formes géométriques.', 2, '2023-07-25', NULL, 2, 58),
    (73, 'Tres beau rendu des couleurs.', 1, '2023-07-25', NULL, 2, 58),
    (74, 'Design innovant.', 2, '2023-07-25', NULL, 2, 59),
    (75, 'Abstrait, mais captivant.', 1, '2023-07-25', NULL, 2, 60),
    (76, 'Exploration des formes géométriques.', 2, '2023-07-25', NULL, 2, 61),
    (77, 'Tres beau rendu des couleurs.', 1, '2023-07-25', NULL, 2, 62),
    (78, 'Design innovant.', 2, '2023-07-25', NULL, 2, 62),
    (79, 'Abstrait, mais captivant.', 1, '2023-07-25', NULL, 2, 63),
    (80, 'Exploration des formes géométriques.', 2, '2023-07-25', NULL, 2, 24),
    (81, 'Tres beau rendu des couleurs.', 1, '2023-07-25', NULL, 2, 68),
    (82, 'Design innovant.', 2, '2023-07-25', NULL, 2, 68),
    (83, 'Abstrait, mais captivant.', 1, '2023-07-25', NULL, 2, 69),
    (84, 'Exploration des formes géométriques.', 2, '2023-07-25', NULL, 2, 70),
    (85, 'Tres beau rendu des couleurs.', 1, '2023-07-25', NULL, 2, 71),
    (86, 'Design innovant.', 2, '2023-07-25', NULL, 2, 72),
    (87, 'Abstrait, mais captivant.', 1, '2023-07-25', NULL, 2, 72),
    (88, 'Exploration des formes géométriques.', 2, '2023-07-25', NULL, 2, 73),
    (89, 'Tres beau rendu des couleurs.', 1, '2023-07-25', NULL, 2, 73),
    (90, 'Design innovant.', 2, '2023-07-25', NULL, 2, 73),
    (91, 'Abstrait, mais captivant.', 1, '2023-07-25', NULL, 2, 78),
    (92, 'Exploration des formes géométriques.', 2, '2023-07-25', NULL, 2, 79),
    (93, 'Tres beau rendu des couleurs.', 1, '2023-07-25', NULL, 2, 80),
    (94, 'Design innovant.', 2, '2023-07-25', NULL, 2, 81),
    (95, 'Abstrait, mais captivant.', 1, '2023-07-25', NULL, 2, 81),
    (96, 'Exploration des formes géométriques.', 2, '2023-07-25', NULL, 2, 82),
    (97, 'Exploration des formes géométriques.', 2, '2023-07-25', NULL, 2, 82),
    (98, 'Tres beau rendu des couleurs.', 1, '2023-07-25', NULL, 2, 83),
    (99, 'Abstrait, mais captivant.', 1, '2023-07-25', NULL, 2, 108),
    (100, 'Exploration des formes géométriques.', 2, '2023-07-25', NULL, 2, 109),
    (101, 'Tres beau rendu des couleurs.', 1, '2023-07-25', NULL, 2, 110),
    (102, 'Design innovant.', 2, '2023-07-25', NULL, 2, 111),
    (103, 'Abstrait, mais captivant.', 1, '2023-07-25', NULL, 2, 111),
    (104, 'Exploration des formes géométriques.', 2, '2023-07-25', NULL, 2, 112),
    (105, 'Exploration des formes géométriques.', 2, '2023-07-25', NULL, 2, 113),
    (106, 'Tres beau rendu des couleurs.', 1, '2023-07-25', NULL, 2, 113),
    (107, 'Design innovant.', 2, '2023-07-25', NULL, 2, 118),
    (108, 'Abstrait, mais captivant.', 1, '2023-07-25', NULL, 2, 119),
    (109, 'Exploration des formes géométriques.', 2, '2023-07-25', NULL, 2, 120),
    (110, 'Tres beau rendu des couleurs.', 1, '2023-07-25', NULL, 2, 120),
    (111, 'Design innovant.', 2, '2023-07-25', NULL, 2, 120),
    (112, 'Abstrait, mais captivant.', 1, '2023-07-25', NULL, 2, 121),
    (113, 'Exploration des formes géométriques.', 2, '2023-07-25', NULL, 2, 122),
    (114, 'Exploration des formes géométriques.', 2, '2023-07-25', NULL, 2, 123),
    (115, 'Tres beau rendu des couleurs.', 1, '2023-07-25', NULL, 2, 123),
    (116, 'Design innovant.', 2, '2023-07-25', NULL, 2, 138),
    (117, 'Abstrait, mais captivant.', 1, '2023-07-25', NULL, 2, 139),
    (118, 'Exploration des formes géométriques.', 2, '2023-07-25', NULL, 2, 140),
    (119, 'Tres beau rendu des couleurs.', 1, '2023-07-25', NULL, 2, 141),
    (120, 'Design innovant.', 2, '2023-07-25', NULL, 2, 141),
    (121, 'Abstrait, mais captivant.', 1, '2023-07-25', NULL, 2, 142),
    (122, 'Exploration des formes géométriques.', 2, '2023-07-25', NULL, 2, 143),
    (123, 'Exploration des formes géométriques.', 2, '2023-09-10', NULL, 3, 21),
    (124, 'Tres beau rendu des couleurs.', 1, '2023-09-10', NULL, 3, 58),
    (125, 'Design innovant.', 2, '2023-09-10', NULL, 3, 58),
    (126, 'Abstrait, mais captivant.', 1, '2023-09-10', NULL, 3, 59),
    (127, 'Exploration des formes géométriques.', 2, '2023-09-10', NULL, 3, 60),
    (128, 'Tres beau rendu des couleurs.', 1, '2023-09-10', NULL, 3, 61),
    (129, 'Design innovant.', 2, '2023-09-10', NULL, 3, 61),
    (130, 'Abstrait, mais captivant.', 1, '2023-09-10', NULL, 3, 62),
    (131, 'Exploration des formes géométriques.', 2, '2023-09-10', NULL, 3, 62),
    (132, 'Exploration des formes géométriques.', 2, '2023-09-10', NULL, 3, 63),
    (133, 'Tres beau rendu des couleurs.', 1, '2023-09-10', NULL, 3, 24),
    (134, 'Design innovant.', 2, '2023-09-10', NULL, 3, 24),
    (135, 'Abstrait, mais captivant.', 1, '2023-09-10', NULL, 3, 24),
    (136, 'Exploration des formes géométriques.', 2, '2023-09-10', NULL, 3, 68),
    (137, 'Tres beau rendu des couleurs.', 1, '2023-09-10', NULL, 3, 69),
    (138, 'Design innovant.', 2, '2023-09-10', NULL, 3, 70),
    (139, 'Abstrait, mais captivant.', 1, '2023-09-10', NULL, 3, 70),
    (140, 'Exploration des formes géométriques.', 2, '2023-09-10', NULL, 3, 71),
    (141, 'Exploration des formes géométriques.', 2, '2023-09-10', NULL, 3, 72),
    (142, 'Tres beau rendu des couleurs.', 1, '2023-09-10', NULL, 3, 73),
    (143, 'Design innovant.', 2, '2023-09-10', NULL, 3, 73),
    (144, 'Abstrait, mais captivant.', 1, '2023-09-10', NULL, 3, 78),
    (145, 'Exploration des formes géométriques.', 2, '2023-09-10', NULL, 3, 79),
    (146, 'Tres beau rendu des couleurs.', 1, '2023-09-10', NULL, 3, 80),
    (147, 'Design innovant.', 2, '2023-09-10', NULL, 3, 81),
    (148, 'Abstrait, mais captivant.', 1, '2023-09-10', NULL, 3, 82),
    (149, 'Exploration des formes géométriques.', 2, '2023-09-10', NULL, 3, 82),
    (150, 'Tres beau rendu des couleurs.', 1, '2023-09-10', NULL, 3, 83),
    (151, 'Design innovant.', 2, '2023-09-10', NULL, 3, 88),
    (152, 'Abstrait, mais captivant.', 1, '2023-09-10', NULL, 3, 89),
    (153, 'Exploration des formes géométriques.', 2, '2023-09-10', NULL, 3, 90),
    (154, 'Exploration des formes géométriques.', 2, '2023-09-10', NULL, 3, 91),
    (155, 'Tres beau rendu des couleurs.', 1, '2023-09-10', NULL, 3, 91),
    (156, 'Design innovant.', 2, '2023-09-10', NULL, 3, 92),
    (157, 'Abstrait, mais captivant.', 1, '2023-09-10', NULL, 3, 93),
    (158, 'Exploration des formes géométriques.', 2, '2023-09-10', NULL, 3, 98),
    (159, 'Tres beau rendu des couleurs.', 1, '2023-09-10', NULL, 3, 98),
    (160, 'Design innovant.', 2, '2023-09-10', NULL, 3, 98),
    (161, 'Abstrait, mais captivant.', 1, '2023-09-10', NULL, 3, 99),
    (162, 'Exploration des formes géométriques.', 2, '2023-09-10', NULL, 3, 100),
    (163, 'Tres beau rendu des couleurs.', 1, '2023-09-10', NULL, 3, 101),
    (164, 'Design innovant.', 2, '2023-09-10', NULL, 3, 102),
    (165, 'Abstrait, mais captivant.', 1, '2023-09-10', NULL, 3, 102),
    (166, 'Exploration des formes géométriques.', 2, '2023-09-10', NULL, 3, 103),
    (167, 'Design innovant.', 2, '2023-09-10', NULL, 3, 118),
    (168, 'Abstrait, mais captivant.', 1, '2023-09-10', NULL, 3, 119),
    (169, 'Exploration des formes géométriques.', 2, '2023-09-10', NULL, 3, 120),
    (170, 'Tres beau rendu des couleurs.', 1, '2023-09-10', NULL, 3, 121),
    (171, 'Design innovant.', 2, '2023-09-10', NULL, 3, 122),
    (172, 'Abstrait, mais captivant.', 1, '2023-09-10', NULL, 3, 123),
    (173, 'Exploration des formes géométriques.', 2, '2023-09-10', NULL, 3, 138),
    (174, 'Tres beau rendu des couleurs.', 1, '2023-09-10', NULL, 3, 139),
    (175, 'Design innovant.', 2, '2023-09-10', NULL, 3, 140),
    (176, 'Abstrait, mais captivant.', 1, '2023-09-10', NULL, 3, 140),
    (177, 'Exploration des formes géométriques.', 2, '2023-09-10', NULL, 3, 141),
    (178, 'Exploration des formes géométriques.', 2, '2023-09-10', NULL, 3, 142),
    (179, 'Tres beau rendu des couleurs.', 1, '2023-09-10', NULL, 3, 143),
    (180, 'Design innovant.', 2, '2023-12-23', NULL, 4, 18),
    (181, 'Abstrait, mais captivant.', 1, '2023-12-23', NULL, 4, 48),
    (182, 'Exploration des formes géométriques.', 2, '2023-12-23', NULL, 4, 49),
    (183, 'Tres beau rendu des couleurs.', 1, '2023-12-23', NULL, 4, 49),
    (184, 'Design innovant.', 2, '2023-12-23', NULL, 4, 50),
    (185, 'Abstrait, mais captivant.', 1, '2023-12-23', NULL, 4, 51),
    (186, 'Exploration des formes géométriques.', 2, '2023-12-23', NULL, 4, 52),
    (187, 'Design innovant.', 2, '2023-12-23', NULL, 4, 53),
    (188, 'Abstrait, mais captivant.', 1, '2023-12-23', NULL, 4, 24),
    (189, 'Exploration des formes géométriques.', 2, '2023-12-23', NULL, 4, 68),
    (190, 'Tres beau rendu des couleurs.', 1, '2023-12-23', NULL, 4, 68),
    (191, 'Design innovant.', 2, '2023-12-23', NULL, 4, 68),
    (192, 'Abstrait, mais captivant.', 1, '2023-12-23', NULL, 4, 69),
    (193, 'Exploration des formes géométriques.', 2, '2023-12-23', NULL, 4, 70),
    (194, 'Design innovant.', 2, '2023-12-23', NULL, 4, 71),
    (195, 'Abstrait, mais captivant.', 1, '2023-12-23', NULL, 4, 72),
    (196, 'Exploration des formes géométriques.', 2, '2023-12-23', NULL, 4, 72),
    (197, 'Tres beau rendu des couleurs.', 1, '2023-12-23', NULL, 4, 73),
    (198, 'Design innovant.', 2, '2023-12-23', NULL, 4, 78),
    (199, 'Abstrait, mais captivant.', 1, '2023-12-23', NULL, 4, 79),
    (200, 'Exploration des formes géométriques.', 2, '2023-12-23', NULL, 4, 80),
    (201, 'Design innovant.', 2, '2023-12-23', NULL, 4, 80),
    (202, 'Abstrait, mais captivant.', 1, '2023-12-23', NULL, 4, 81),
    (203, 'Exploration des formes géométriques.', 2, '2023-12-23', NULL, 4, 82),
    (204, 'Tres beau rendu des couleurs.', 1, '2023-12-23', NULL, 4, 83),
    (205, 'Design innovant.', 2, '2023-12-23', NULL, 4, 88),
    (206, 'Abstrait, mais captivant.', 1, '2023-12-23', NULL, 4, 88),
    (207, 'Exploration des formes géométriques.', 2, '2023-12-23', NULL, 4, 89),
    (208, 'Design innovant.', 2, '2023-12-23', NULL, 4, 90),
    (209, 'Abstrait, mais captivant.', 1, '2023-12-23', NULL, 4, 91),
    (210, 'Exploration des formes géométriques.', 2, '2023-12-23', NULL, 4, 92),
    (211, 'Tres beau rendu des couleurs.', 1, '2023-12-23', NULL, 4, 93),
    (212, 'Design innovant.', 2, '2023-12-23', NULL, 4, 93),
    (213, 'Abstrait, mais captivant.', 1, '2023-12-23', NULL, 4, 98),
    (214, 'Exploration des formes géométriques.', 2, '2023-12-23', NULL, 4, 99),
    (215, 'Design innovant.', 2, '2023-12-23', NULL, 4, 100),
    (216, 'Abstrait, mais captivant.', 1, '2023-12-23', NULL, 4, 100),
    (217, 'Exploration des formes géométriques.', 2, '2023-12-23', NULL, 4, 101),
    (218, 'Tres beau rendu des couleurs.', 1, '2023-12-23', NULL, 4, 101),
    (219, 'Design innovant.', 2, '2023-12-23', NULL, 4, 102),
    (220, 'Abstrait, mais captivant.', 1, '2023-12-23', NULL, 4, 103),
    (221, 'Design innovant.', 2, '2023-12-23', NULL, 4, 118),
    (222, 'Abstrait, mais captivant.', 1, '2023-12-23', NULL, 4, 118),
    (223, 'Exploration des formes géométriques.', 2, '2023-12-23', NULL, 4, 118),
    (224, 'Tres beau rendu des couleurs.', 1, '2023-12-23', NULL, 4, 119),
    (225, 'Design innovant.', 2, '2023-12-23', NULL, 4, 120),
    (226, 'Abstrait, mais captivant.', 1, '2023-12-23', NULL, 4, 121),
    (227, 'Exploration des formes géométriques.', 2, '2023-12-23', NULL, 4, 122),
    (228, 'Design innovant.', 2, '2023-12-23', NULL, 4, 123),
    (229, 'Abstrait, mais captivant.', 1, '2023-12-23', NULL, 4, 123),
    (230, 'Exploration des formes géométriques.', 2, '2024-04-15', NULL, 5, 18),
    (231, 'Tres beau rendu des couleurs.', 1, '2024-04-15', NULL, 5, 48),
    (232, 'Design innovant.', 2, '2024-04-15', NULL, 5, 49),
    (233, 'Abstrait, mais captivant.', 1, '2024-04-15', NULL, 5, 49),
    (234, 'Exploration des formes géométriques.', 2, '2024-04-15', NULL, 5, 50),
    (235, 'Design innovant.', 2, '2024-04-15', NULL, 5, 51),
    (236, 'Abstrait, mais captivant.', 1, '2024-04-15', NULL, 5, 52),
    (237, 'Exploration des formes géométriques.', 2, '2024-04-15', NULL, 5, 53),
    (238, 'Tres beau rendu des couleurs.', 1, '2024-04-15', NULL, 5, 21),
    (239, 'Design innovant.', 2, '2024-04-15', NULL, 5, 58),
    (240, 'Abstrait, mais captivant.', 1, '2024-04-15', NULL, 5, 59),
    (241, 'Exploration des formes géométriques.', 2, '2024-04-15', NULL, 5, 59),
    (242, 'Exploration des formes géométriques.', 2, '2024-04-15', NULL, 5, 60),
    (243, 'Tres beau rendu des couleurs.', 1, '2024-04-15', NULL, 5, 60),
    (244, 'Design innovant.', 2, '2024-04-15', NULL, 5, 61),
    (245, 'Abstrait, mais captivant.', 1, '2024-04-15', NULL, 5, 62),
    (246, 'Exploration des formes géométriques.', 2, '2024-04-15', NULL, 5, 62),
    (247, 'Design innovant.', 2, '2024-04-15', NULL, 5, 62),
    (248, 'Abstrait, mais captivant.', 1, '2024-04-15', NULL, 5, 63),
    (249, 'Exploration des formes géométriques.', 2, '2024-04-15', NULL, 5, 24),
    (250, 'Tres beau rendu des couleurs.', 1, '2024-04-15', NULL, 5, 68),
    (251, 'Design innovant.', 2, '2024-04-15', NULL, 5, 68),
    (252, 'Abstrait, mais captivant.', 1, '2024-04-15', NULL, 5, 69),
    (253, 'Exploration des formes géométriques.', 2, '2024-04-15', NULL, 5, 70),
    (254, 'Exploration des formes géométriques.', 2, '2024-04-15', NULL, 5, 71),
    (255, 'Tres beau rendu des couleurs.', 1, '2024-04-15', NULL, 5, 72),
    (256, 'Design innovant.', 2, '2024-04-15', NULL, 5, 73),
    (257, 'Abstrait, mais captivant.', 1, '2024-04-15', NULL, 5, 88),
    (258, 'Exploration des formes géométriques.', 2, '2024-04-15', NULL, 5, 89),
    (259, 'Design innovant.', 2, '2024-04-15', NULL, 5, 89),
    (260, 'Abstrait, mais captivant.', 1, '2024-04-15', NULL, 5, 90),
    (261, 'Exploration des formes géométriques.', 2, '2024-04-15', NULL, 5, 91),
    (262, 'Tres beau rendu des couleurs.', 1, '2024-04-15', NULL, 5, 91),
    (263, 'Design innovant.', 2, '2024-04-15', NULL, 5, 92),
    (264, 'Abstrait, mais captivant.', 1, '2024-04-15', NULL, 5, 93),
    (265, 'Exploration des formes géométriques.', 2, '2024-04-15', NULL, 5, 98),
    (266, 'Exploration des formes géométriques.', 2, '2024-04-15', NULL, 5, 99),
    (267, 'Tres beau rendu des couleurs.', 1, '2024-04-15', NULL, 5, 100),
    (268, 'Design innovant.', 2, '2024-04-15', NULL, 5, 101),
    (269, 'Abstrait, mais captivant.', 1, '2024-04-15', NULL, 5, 102),
    (270, 'Exploration des formes géométriques.', 2, '2024-04-15', NULL, 5, 102),
    (271, 'Design innovant.', 2, '2024-04-15', NULL, 5, 103),
    (272, 'Design innovant.', 2, '2024-04-15', NULL, 5, 108),
    (273, 'Abstrait, mais captivant.', 1, '2024-04-15', NULL, 5, 109),
    (274, 'Exploration des formes géométriques.', 2, '2024-04-15', NULL, 5, 110),
    (275, 'Exploration des formes géométriques.', 2, '2024-04-15', NULL, 5, 111),
    (276, 'Tres beau rendu des couleurs.', 1, '2024-04-15', NULL, 5, 111),
    (277, 'Design innovant.', 2, '2024-04-15', NULL, 5, 112),
    (278, 'Abstrait, mais captivant.', 1, '2024-04-15', NULL, 5, 113),
    (279, 'Exploration des formes géométriques.', 2, '2024-04-15', NULL, 5, 118),
    (280, 'Design innovant.', 2, '2024-04-15', NULL, 5, 119),
    (281, 'Abstrait, mais captivant.', 1, '2024-04-15', NULL, 5, 120),
    (282, 'Exploration des formes géométriques.', 2, '2024-04-15', NULL, 5, 120),
    (283, 'Tres beau rendu des couleurs.', 1, '2024-04-15', NULL, 5, 121),
    (284, 'Design innovant.', 2, '2024-04-15', NULL, 5, 122),
    (285, 'Abstrait, mais captivant.', 1, '2024-04-15', NULL, 5, 123),
    (286, 'Exploration des formes géométriques.', 2, '2024-04-15', NULL, 5, 138),
    (287, 'Exploration des formes géométriques.', 2, '2024-04-15', NULL, 5, 139),
    (288, 'Tres beau rendu des couleurs.', 1, '2024-04-15', NULL, 5, 140),
    (289, 'Design innovant.', 2, '2024-04-15', NULL, 5, 140),
    (290, 'Abstrait, mais captivant.', 1, '2024-04-15', NULL, 5, 141),
    (291, 'Exploration des formes géométriques.', 2, '2024-04-15', NULL, 5, 142),
    (292, 'Design innovant.', 2, '2024-04-15', NULL, 5, 142),
    (293, 'Abstrait, mais captivant.', 1, '2024-04-15', NULL, 5, 142),
    (294, 'Exploration des formes géométriques.', 2, '2024-04-15', NULL, 5, 143),
    (295, 'Tres beau rendu des couleurs.', 1, '2024-07-18', NULL, 6, 18),
    (296, 'Design innovant.', 2, '2024-07-17', NULL, 6, 48),
    (297, 'Abstrait, mais captivant.', 1, '2024-07-17', NULL, 6, 49),
    (298, 'Exploration des formes géométriques.', 2, '2024-07-17', NULL, 6, 49),
    (299, 'Tres beau rendu des couleurs.', 1, '2024-07-17', NULL, 6, 50),
    (300, 'Design innovant.', 2, '2024-07-17', NULL, 6, 51),
    (301, 'Abstrait, mais captivant.', 1, '2024-07-17', NULL, 6, 52),
    (302, 'Exploration des formes géométriques.', 2, '2024-07-17', NULL, 6, 52),
    (303, 'Tres beau rendu des couleurs.', 1, '2024-07-17', NULL, 6, 53),
    (304, 'Design innovant.', 2, '2024-07-17', NULL, 6, 21),
    (305, 'Abstrait, mais captivant.', 1, '2024-07-17', NULL, 6, 21),
    (306, 'Exploration des formes géométriques.', 2, '2024-07-17', NULL, 6, 58),
    (307, 'Tres beau rendu des couleurs.', 1, '2024-07-17', NULL, 6, 59),
    (308, 'Design innovant.', 2, '2024-07-17', NULL, 6, 60),
    (309, 'Abstrait, mais captivant.', 1, '2024-07-17', NULL, 6, 61),
    (310, 'Exploration des formes géométriques.', 2, '2024-07-17', NULL, 6, 61),
    (311, 'Tres beau rendu des couleurs.', 1, '2024-07-17', NULL, 6, 61),
    (312, 'Design innovant.', 2, '2024-07-17', NULL, 6, 62),
    (313, 'Abstrait, mais captivant.', 1, '2024-07-17', NULL, 6, 63),
    (314, 'Exploration des formes géométriques.', 2, '2024-07-17', NULL, 6, 78),
    (315, 'Tres beau rendu des couleurs.', 1, '2024-07-17', NULL, 6, 79),
    (316, 'Design innovant.', 2, '2024-07-17', NULL, 6, 80),
    (317, 'Abstrait, mais captivant.', 1, '2024-07-17', NULL, 6, 81),
    (318, 'Exploration des formes géométriques.', 2, '2024-07-17', NULL, 6, 82),
    (319, 'Tres beau rendu des couleurs.', 1, '2024-07-17', NULL, 6, 83),
    (320, 'Abstrait, mais captivant.', 1, '2024-07-17', NULL, 6, 98),
    (321, 'Exploration des formes géométriques.', 2, '2024-07-17', NULL, 6, 98),
    (322, 'Tres beau rendu des couleurs.', 1, '2024-07-17', NULL, 6, 99),
    (323, 'Design innovant.', 2, '2024-07-17', NULL, 6, 100),
    (324, 'Abstrait, mais captivant.', 1, '2024-07-17', NULL, 6, 101),
    (325, 'Exploration des formes géométriques.', 2, '2024-07-17', NULL, 6, 102),
    (326, 'Tres beau rendu des couleurs.', 1, '2024-07-17', NULL, 6, 103),
    (327, 'Exploration des formes géométriques.', 2, '2024-07-17', NULL, 6, 108),
    (328, 'Tres beau rendu des couleurs.', 1, '2024-07-17', NULL, 6, 108),
    (329, 'Design innovant.', 2, '2024-07-17', NULL, 6, 109),
    (330, 'Abstrait, mais captivant.', 1, '2024-07-17', NULL, 6, 110),
    (331, 'Exploration des formes géométriques.', 2, '2024-07-17', NULL, 6, 110),
    (332, 'Tres beau rendu des couleurs.', 1, '2024-07-17', NULL, 6, 111),
    (333, 'Design innovant.', 2, '2024-07-17', NULL, 6, 111),
    (334, 'Abstrait, mais captivant.', 1, '2024-07-17', NULL, 6, 111),
    (335, 'Exploration des formes géométriques.', 2, '2024-07-17', NULL, 6, 112),
    (336, 'Tres beau rendu des couleurs.', 1, '2024-07-17', NULL, 6, 113),
    (337, 'Design innovant.', 2, '2024-07-17', NULL, 6, 138),
    (338, 'Abstrait, mais captivant.', 1, '2024-07-17', NULL, 6, 138),
    (339, 'Exploration des formes géométriques.', 2, '2024-07-17', NULL, 6, 139),
    (340, 'Tres beau rendu des couleurs.', 1, '2024-07-17', NULL, 6, 140),
    (341, 'Design innovant.', 2, '2024-07-17', NULL, 6, 141),
    (342, 'Abstrait, mais captivant.', 1, '2024-07-17', NULL, 6, 142),
    (343, 'Exploration des formes géométriques.', 2, '2024-07-17', NULL, 6, 143),
    (344, 'commentaire dessin', 1 , '2024-09-26', NULL, 7, 18  ),
    (345, 'commentaire dessin', 2 , '2024-09-26', NULL, 7, 48  ),
    (346, 'commentaire dessin', 3 , '2024-09-26', NULL, 7, 49  ),
    (347, 'commentaire dessin', 4 , '2024-09-26', NULL, 7, 50  ),
    (348, 'commentaire dessin', 5 , '2024-09-26', NULL, 7, 51  ),
    (349, 'commentaire dessin', 6 , '2024-09-26', NULL, 7, 52 ),
    (350, 'commentaire dessin', 7 , '2024-09-26', NULL, 7, 53  ),
    (351, 'commentaire dessin', 8 , '2024-09-26', NULL, 7, 21  ),
    (352, 'commentaire dessin', 9 , '2024-09-26', NULL, 7, 58  ),
    (353, 'commentaire dessin', 10, '2024-09-26', NULL, 7, 59 ),
    (354, 'commentaire dessin', 11, '2024-09-26', NULL, 7, 60 ),
    (355, 'commentaire dessin', 12, '2024-09-26', NULL, 7, 61 ),
    (356, 'commentaire dessin', 13, '2024-09-26', NULL, 7, 62 ),
    (357, 'commentaire dessin', 14, '2024-09-26', NULL, 7, 63 ),
    (358, 'commentaire dessin', 15, '2024-09-26', NULL, 7, 24 ),
    (359, 'commentaire dessin', 16, '2024-09-26', NULL, 7, 68 ),
    (360, 'commentaire dessin', 17, '2024-09-26', NULL, 7, 69 ),
    (361, 'commentaire dessin', 18, '2024-09-26', NULL, 7, 70 ),
    (362, 'commentaire dessin', 19, '2024-09-26', NULL, 7, 71 ),
    (363, 'commentaire dessin', 20, '2024-09-26', NULL, 7, 72 ),
    (364, 'commentaire dessin', 21, '2024-09-26', NULL, 7, 73 ),
    (365, 'commentaire dessin', 22, '2024-09-26', NULL, 7, 78 ),
    (366, 'commentaire dessin', 23, '2024-09-26', NULL, 7, 79 ),
    (367, 'commentaire dessin', 24, '2024-09-26', NULL, 7, 80 ),
    (368, 'commentaire dessin', 25, '2024-09-26', NULL, 7, 81 ),
    (369, 'commentaire dessin', 26, '2024-09-26', NULL, 7, 82 ),
    (370, 'commentaire dessin', 27, '2024-09-26', NULL, 7, 83 ),
    (371, 'commentaire dessin', 28, '2024-09-26', NULL, 7, 118 ),
    (372, 'commentaire dessin', 29, '2024-09-26', NULL, 7, 119 ),
    (373, 'commentaire dessin', 30, '2024-09-26', NULL, 7, 120 ),
    (374, 'commentaire dessin', 31, '2024-09-26', NULL, 7, 121 ),
    (375, 'commentaire dessin', 32, '2024-09-26', NULL, 7, 122),
    (376, 'commentaire dessin', 33, '2024-09-26', NULL, 7, 123 ),
    (377, 'commentaire dessin', 34, '2024-09-26', NULL, 7, 128 ),
    (378, 'commentaire dessin', 35, '2024-09-26', NULL, 7, 129 ),
    (379, 'commentaire dessin', 36, '2024-09-26', NULL, 7, 130 ),
    (380, 'commentaire dessin', 37, '2024-09-26', NULL, 7, 131 ),
    (381, 'commentaire dessin', 38, '2024-09-26', NULL, 7, 132 ),
    (382, 'commentaire dessin', 39, '2024-09-26', NULL, 7, 133 ),
    (383, 'commentaire dessin', 40, '2024-09-26', NULL, 7, 138 ),
    (384, 'commentaire dessin', 41, '2024-09-26', NULL, 7, 139),
    (385, 'commentaire dessin', 42, '2024-09-26', NULL, 7, 140 ),
    (386, 'commentaire dessin', 43, '2024-09-26', NULL, 7, 141 ),
    (387, 'commentaire dessin', 44, '2024-09-26', NULL, 7, 142 ),
    (388, 'commentaire dessin', 45, '2024-09-26', NULL, 7, 143 ),
    (389, 'commentaire dessin', 46, '2024-09-26', NULL, 7, 68 ),
    (390, 'commentaire dessin', 47, '2024-09-26', NULL, 7, 69 ),
    (391, 'commentaire dessin', 48, '2024-09-26', NULL, 7, 69 ),
    (392, 'commentaire dessin', 49, '2024-09-26', NULL, 7, 80 ),
    (393, 'commentaire dessin', 50, '2024-09-26', NULL, 7, 83 ),
    (394, 'commentaire dessin', 9, '2024-12-23', NULL, 8, 58),
    (395, 'commentaire dessin', 10, '2024-12-24', NULL, 8, 59),
    (396, 'commentaire dessin', 11, '2024-12-25', NULL, 8, 60),
    (397, 'commentaire dessin', 12, '2024-12-15', NULL, 8, 61),
    (398, 'commentaire dessin', 13, '2024-12-16', NULL, 8, 62),
    (399, 'commentaire dessin', 14, '2024-12-17', NULL, 8, 63),
    (400, 'commentaire dessin', 15, '2024-12-18', NULL, 8, 78),
    (401, 'commentaire dessin', 16, '2024-12-19', NULL, 8, 79),
    (402, 'commentaire dessin', 17, '2024-12-20', NULL, 8, 80),
    (403, 'commentaire dessin', 18, '2024-12-21', NULL, 8, 81),
    (404, 'commentaire dessin', 19, '2024-12-22', NULL, 8, 82),
    (405, 'commentaire dessin', 20, '2024-12-23', NULL, 8, 83),
    (406, 'commentaire dessin', 21, '2024-12-24', NULL, 8, 88),
    (407, 'commentaire dessin', 22, '2024-12-25', NULL, 8, 89),
    (408, 'commentaire dessin', 23, '2024-12-15', NULL, 8, 90),
    (409, 'commentaire dessin', 24, '2024-12-16', NULL, 8, 91),
    (410, 'commentaire dessin', 25, '2024-12-17', NULL, 8, 92),
    (411, 'commentaire dessin', 26, '2024-12-18', NULL, 8, 93),
    (412, 'commentaire dessin', 27, '2024-12-19', NULL, 8, 98),
    (413, 'commentaire dessin', 28, '2024-12-20', NULL, 8, 99),
    (414, 'commentaire dessin', 29, '2024-12-21', NULL, 8, 100),
    (415, 'commentaire dessin', 30, '2024-12-22', NULL, 8, 101),
    (416, 'commentaire dessin', 31, '2024-12-23', NULL, 8, 102),
    (417, 'commentaire dessin', 32, '2024-12-24', NULL, 8, 103),
    (418, 'commentaire dessin', 34, '2024-12-15', NULL, 8, 118),
    (419, 'commentaire dessin', 35, '2024-12-16', NULL, 8, 119),
    (420, 'commentaire dessin', 36, '2024-12-17', NULL, 8, 120),
    (421, 'commentaire dessin', 37, '2024-12-18', NULL, 8, 121),
    (422, 'commentaire dessin', 38, '2024-12-19', NULL, 8, 122),
    (423, 'commentaire dessin', 39, '2024-12-20', NULL, 8, 123),
    (424, 'commentaire dessin', 40, '2024-12-21', NULL, 8, 138),
    (425, 'commentaire dessin', 41, '2024-12-22', NULL, 8, 139),
    (426, 'commentaire dessin', 42, '2024-12-23', NULL, 8, 140),
    (427, 'commentaire dessin', 43, '2024-12-24', NULL, 8, 141),
    (428, 'commentaire dessin', 44, '2024-12-25', NULL, 8, 142),
    (429, 'commentaire dessin', 45, '2024-12-15', NULL, 8, 143),
    (430, 'commentaire dessin', 46, '2024-12-16', NULL, 8, 18),
    (431, 'commentaire dessin', 47, '2024-12-17', NULL, 8, 48),
    (432, 'commentaire dessin', 48, '2024-12-18', NULL, 8, 49),
    (433, 'commentaire dessin', 49, '2024-12-19', NULL, 8, 50),
    (434, 'commentaire dessin', 50, '2024-12-20', NULL, 8, 51),
    (435, 'commentaire dessin', 1, '2025-01-19', NULL, 9, 18),
    (436, 'commentaire dessin', 2, '2025-01-19', NULL, 9, 48),
    (437, 'commentaire dessin', 3, '2025-01-19', NULL, 9, 49),
    (438, 'commentaire dessin', 4, '2025-01-19', NULL, 9, 50),
    (439, 'commentaire dessin', 5, '2025-01-19', NULL, 9, 51),
    (440, 'commentaire dessin', 6, '2025-01-19', NULL, 9, 52),
    (441, 'commentaire dessin', 7, '2025-01-19', NULL, 9, 53),
    (442, 'commentaire dessin', 8, '2025-01-19', NULL, 9, 24),
    (443, 'commentaire dessin', 9, '2025-01-19', NULL, 9, 68),
    (444, 'commentaire dessin', 10, '2025-01-14', NULL, 9, 69),
    (445, 'commentaire dessin', 11, '2025-01-14', NULL, 9, 70),
    (446, 'commentaire dessin', 12, '2025-01-14', NULL, 9, 71),
    (447, 'commentaire dessin', 13, '2025-01-14', NULL, 9, 72),
    (448, 'commentaire dessin', 14, '2025-01-14', NULL, 9, 73),
    (449, 'commentaire dessin', 15, '2025-01-14', NULL, 9, 78),
    (450, 'commentaire dessin', 16, '2025-01-14', NULL, 9, 79),
    (451, 'commentaire dessin', 17, '2025-01-14', NULL, 9, 80),
    (452, 'commentaire dessin', 18, '2025-01-14', NULL, 9, 81),
    (453, 'commentaire dessin', 19, '2025-01-14', NULL, 9, 82),
    (454, 'commentaire dessin', 20, '2025-01-14', NULL, 9, 83),
    (455, 'commentaire dessin', 21, '2025-01-14', NULL, 9, 88),
    (456, 'commentaire dessin', 22, '2025-01-14', NULL, 9, 89),
    (457, 'commentaire dessin', 23, '2025-01-14', NULL, 9, 90),
    (458, 'commentaire dessin', 24, '2025-01-14', NULL, 9, 91),
    (459, 'commentaire dessin', 25, '2025-01-14', NULL, 9, 92),
    (461, 'commentaire dessin', 26, '2025-01-14', NULL, 9, 93),
    (462, 'commentaire dessin', 27, '2025-01-14', NULL, 9, 98),
    (463, 'commentaire dessin', 28, '2025-01-14', NULL, 9, 99),
    (464, 'commentaire dessin', 29, '2025-01-14', NULL, 9, 100),
    (465, 'commentaire dessin', 30, '2025-01-14', NULL, 9, 101),
    (466, 'commentaire dessin', 31, '2025-01-14', NULL, 9, 102),
    (467, 'commentaire dessin', 32, '2025-01-14', NULL, 9, 103),
    (468, 'commentaire dessin', 34, '2025-01-14', NULL, 9, 118),
    (469, 'commentaire dessin', 35, '2025-01-14', NULL, 9, 119),
    (470, 'commentaire dessin', 36, '2025-01-14', NULL, 9, 120),
    (471, 'commentaire dessin', 37, '2025-01-14', NULL, 9, 121),
    (472, 'commentaire dessin', 38, '2025-01-14', NULL, 9, 122),
    (473, 'commentaire dessin', 39, '2025-01-14', NULL, 9, 123),
    (474, 'commentaire dessin', 40, '2025-01-14', NULL, 9, 18),
    (475, 'commentaire dessin', 41, '2025-01-14', NULL, 9, 48),
    (476, 'commentaire dessin', 42, '2025-01-14', NULL, 9, 49),
    (478, 'commentaire dessin', 43, '2025-01-14', NULL, 9, 50),
    (479, 'commentaire dessin', 44, '2025-01-14', NULL, 9, 51),
    (480, 'commentaire dessin', 45, '2025-01-14', NULL, 9, 52),
    (481, 'commentaire dessin', 46, '2025-01-14', NULL, 9, 53),
    (482, 'commentaire dessin', 47, '2025-01-14', NULL, 9, 24),
    (483, 'commentaire dessin', 48, '2025-01-14', NULL, 9, 68),
    (484, 'commentaire dessin', 49, '2025-01-14', NULL, 9, 69),
    (485, 'commentaire dessin', 50, '2025-01-14', NULL, 9, 70);


-- Table Evaluateur (Assurer qu'il y a 3 évaluateurs par concours)
INSERT INTO Evaluateur (numEvaluateur, specialite)
VALUES
    (18, 'Portraits'),
    (19, 'Surréaliste'),
    (20, 'Pop Art'),
    (21, 'Nature'),
    (22, 'Surréaliste'),
    (23, 'Minimalisme'),
    (24, 'Nature'),
    (25, 'Graphisme'),
    (26, 'Pop Art'),
    (27, 'Abstrait'),
    (28, 'Graphisme'),
    (29, 'Minimalisme'),
    (30, 'Portraits'),
    (31, 'Surréaliste'),
    (32, 'Abstrait'),
    (33, 'Graphisme'),
    (34, 'Nature'),
    (35, 'Minimalisme'),
    (36, 'Portraits'),
    (37, 'Pop Art'),
    (38, 'Abstrait'),
    (39, 'Graphisme'),
    (40, 'Nature'),
    (41, 'Pop Art'),
    (42, 'Surréaliste'),
    (43, 'Minimalisme'),
    (44, 'Abstrait'),
    (45, 'Portraits'),
    (46, 'Surréaliste'),
    (47, 'Graphisme');
-- Table Evaluation (Deux évaluateurs pour chaque dessin)
INSERT INTO Evaluation (dateEvaluation, note, commentaire, numDessin, numEvaluateur)
VALUES
    ('2024-01-15', 9.5, 'Explosion de couleurs vibrantes.', 1, 42),
    ('2024-01-15', 8.0, 'Explosion de couleurs vibrantes.', 1, 47),
    ('2024-01-16', 8.5, 'Conception futuriste.', 2, 43),
    ('2024-01-16', 9.0, 'Conception futuriste.', 2, 46),
    ('2024-01-17', 8.5, 'Art abstrait, mais fascinant.', 3, 22),
    ('2024-01-17', 9.0, 'Art abstrait, mais fascinant.', 3, 25),
    ('2024-01-18', 7.5, 'Fusion des formes géométriques.', 4, 30),
    ('2024-01-18', 8.0, 'Fusion des formes géométriques.', 4, 33);



-- Table ClubParticipe (Assurer qu'il y a au moins 6 clubs dans chaque concours)
INSERT INTO ClubParticipe (numClub, numConcours)
VALUES
    (1, 1),
    (2, 1),
    (3, 1),
    (4, 1),
    (6, 1),
    (7, 1),
    (8, 1),
    (1, 2),
    (2, 2),
    (3, 2),
    (4, 2),
    (7, 2),
    (8, 2),
    (10, 2),
    (2, 3),
    (3, 3),
    (4, 3),
    (5, 3),
    (6, 3),
    (8, 3),
    (10, 3),
    (1, 4),
    (3, 4),
    (4, 4),
    (5, 4),
    (6, 4),
    (8, 4),
    (1, 5),
    (2, 5),
    (3, 5),
    (5, 5),
    (6, 5),
    (7, 5),
    (8, 5),
    (10, 5),
    (1, 6),
    (2, 6),
    (4, 6),
    (6, 6),
    (7, 6),
    (10, 6),
    (1, 7),
    (2, 7),
    (3, 7),
    (4, 7),
    (8, 7),
    (9, 7),
    (10, 7),
    (1 ,8),
    (2, 8),
    (4, 8),
    (5, 8),
    (6, 8),
    (8, 8),
    (10, 8),
    (1, 9),
    (3, 9),
    (4, 9),
    (5, 9),
    (6, 9),
    (8, 9),
    (1, 10),
    (2, 10),
    (3, 10),
    (5, 10),
    (6, 10),
    (7, 10),
    (8, 10),
    (10, 10),
    (3, 11),
    (4, 11),
    (5, 11),
    (6, 11),
    (8, 11),
    (9, 11),
    (2, 12),
    (3, 12),
    (5, 12),
    (6, 12),
    (7, 12),
    (8, 12),
    (10, 12);

-- Table CompetiteurParticipe (Un compétiteur peut participer à un concours)
INSERT INTO CompetiteurParticipe (numConcours, numCompetiteur)
VALUES
(1, 18),
(1, 48),
(1, 49),
(1, 50),
(1, 51),
(1, 52),
(1, 53),
(1, 21),
(1, 58),
(1, 59),
(1, 60),
(1, 61),
(1, 62),
(1, 63),
(1, 24),
(1, 68),
(1, 69),
(1, 70),
(1, 71),
(1, 72),
(1, 73),
(1, 78),
(1, 79),
(1, 80),
(1, 81),
(1, 82),
(1, 83),
(1, 98),
(1, 99),
(1, 100),
(1, 101),
(1, 102),
(1, 103),
(1, 108),
(1, 109),
(1, 110),
(1, 111),
(1, 112),
(1, 113),
(1, 118),
(1, 119),
(1, 120),
(1, 121),
(1, 122),
(1, 123),
(2, 18),
(2, 48),
(2, 49),
(2, 50),
(2, 51),
(2, 52),
(2, 53),
(2, 21),
(2, 58),
(2, 59),
(2, 60),
(2, 61),
(2, 62),
(2, 63),
(2, 24),
(2, 68),
(2, 69),
(2, 70),
(2, 71),
(2, 72),
(2, 73),
(2, 78),
(2, 79),
(2, 80),
(2, 81),
(2, 82),
(2, 83),
(2, 108),
(2, 109),
(2, 110),
(2, 111),
(2, 112),
(2, 113),
(2, 118),
(2, 119),
(2, 120),
(2, 121),
(2, 122),
(2, 123),
(2, 138),
(2, 139),
(2, 140),
(2, 141),
(2, 142),
(2, 143),
(3, 21),
(3, 58),
(3, 59),
(3, 60),
(3, 61),
(3, 62),
(3, 63),
(3, 24),
(3, 68),
(3, 69),
(3, 70),
(3, 71),
(3, 72),
(3, 73),
(3, 78),
(3, 79),
(3, 80),
(3, 81),
(3, 82),
(3, 83),
(3, 88),
(3, 89),
(3, 90),
(3, 91),
(3, 92),
(3, 93),
(3, 98),
(3, 99),
(3, 100),
(3, 101),
(3, 102),
(3, 103),
(3, 118),
(3, 119),
(3, 120),
(3, 121),
(3, 122),
(3, 123),
(3, 138),
(3, 139),
(3, 140),
(3, 141),
(3, 142),
(3, 143),
(4, 18),
(4, 48),
(4, 49),
(4, 50),
(4, 51),
(4, 52),
(4, 53),
(4, 24),
(4, 68),
(4, 69),
(4, 70),
(4, 71),
(4, 72),
(4, 73),
(4, 78),
(4, 79),
(4, 80),
(4, 81),
(4, 82),
(4, 83),
(4, 88),
(4, 89),
(4, 90),
(4, 91),
(4, 92),
(4, 93),
(4, 98),
(4, 99),
(4, 100),
(4, 101),
(4, 102),
(4, 103),
(4, 118),
(4, 119),
(4, 120),
(4, 121),
(4, 122),
(4, 123),
(5, 18),
(5, 48),
(5, 49),
(5, 50),
(5, 51),
(5, 52),
(5, 53),
(5, 21),
(5, 58),
(5, 59),
(5, 60),
(5, 61),
(5, 62),
(5, 63),
(5, 24),
(5, 68),
(5, 69),
(5, 70),
(5, 71),
(5, 72),
(5, 73),
(5, 88),
(5, 89),
(5, 90),
(5, 91),
(5, 92),
(5, 93),
(5, 98),
(5, 99),
(5, 100),
(5, 101),
(5, 102),
(5, 103),
(5, 108),
(5, 109),
(5, 110),
(5, 111),
(5, 112),
(5, 113),
(5, 118),
(5, 119),
(5, 120),
(5, 121),
(5, 122),
(5, 123),
(5, 138),
(5, 139),
(5, 140),
(5, 141),
(5, 142),
(5, 143),
(6, 18),
(6, 48),
(6, 49),
(6, 50),
(6, 51),
(6, 52),
(6, 53),
(6, 21),
(6, 58),
(6, 59),
(6, 60),
(6, 61),
(6, 62),
(6, 63),
(6, 78),
(6, 79),
(6, 80),
(6, 81),
(6, 82),
(6, 83),
(6, 98),
(6, 99),
(6, 100),
(6, 101),
(6, 102),
(6, 103),
(6, 108),
(6, 109),
(6, 110),
(6, 111),
(6, 112),
(6, 113),
(6, 138),
(6, 139),
(6, 140),
(6, 141),
(6, 142),
(6, 143),
(7, 18),
(7, 48),
(7, 49),
(7, 50),
(7, 51),
(7, 52),
(7, 53),
(7, 21),
(7, 58),
(7, 59),
(7, 60),
(7, 61),
(7, 62),
(7, 63),
(7, 24),
(7, 68),
(7, 69),
(7, 70),
(7, 71),
(7, 72),
(7, 73),
(7, 78),
(7, 79),
(7, 80),
(7, 81),
(7, 82),
(7, 83),
(7, 118),
(7, 119),
(7, 120),
(7, 121),
(7, 122),
(7, 123),
(7, 128),
(7, 129),
(7, 130),
(7, 131),
(7, 132),
(7, 133),
(7, 138),
(7, 139),
(7, 140),
(7, 141),
(7, 142),
(7, 143),
(8, 18),
(8, 48),
(8, 49),
(8, 50),
(8, 51),
(8, 52),
(8, 53),
(8, 21),
(8, 58),
(8, 59),
(8, 60),
(8, 61),
(8, 62),
(8, 63),
(8, 78),
(8, 79),
(8, 80),
(8, 81),
(8, 82),
(8, 83),
(8, 88),
(8, 89),
(8, 90),
(8, 91),
(8, 92),
(8, 93),
(8, 98),
(8, 99),
(8, 100),
(8, 101),
(8, 102),
(8, 103),
(8, 118),
(8, 119),
(8, 120),
(8, 121),
(8, 122),
(8, 123),
(8, 138),
(8, 139),
(8, 140),
(8, 141),
(8, 142),
(8, 143),
(9, 18),
(9, 48),
(9, 49),
(9, 50),
(9, 51),
(9, 52),
(9, 53),
(9, 24),
(9, 68),
(9, 69),
(9, 70),
(9, 71),
(9, 72),
(9, 73),
(9, 78),
(9, 79),
(9, 80),
(9, 81),
(9, 82),
(9, 83),
(9, 88),
(9, 89),
(9, 90),
(9, 91),
(9, 92),
(9, 93),
(9, 98),
(9, 99),
(9, 100),
(9, 101),
(9, 102),
(9, 103),
(9, 118),
(9, 119),
(9, 120),
(9, 121),
(9, 122),
(9, 123),
(10, 18),
(10, 48),
(10, 49),
(10, 50),
(10, 51),
(10, 52),
(10, 53),
(10, 21),
(10, 58),
(10, 59),
(10, 60),
(10, 61),
(10, 62),
(10, 63),
(10, 24),
(10, 68),
(10, 69),
(10, 70),
(10, 71),
(10, 72),
(10, 73),
(10, 88),
(10, 89),
(10, 90),
(10, 91),
(10, 92),
(10, 93),
(10, 98),
(10, 99),
(10, 100),
(10, 101),
(10, 102),
(10, 103),
(10, 108),
(10, 109),
(10, 110),
(10, 111),
(10, 112),
(10, 113),
(10, 118),
(10, 119),
(10, 120),
(10, 121),
(10, 122),
(10, 123),
(10, 138),
(10, 139),
(10, 140),
(10, 141),
(10, 142),
(10, 143),
(11, 24),
(11, 68),
(11, 69),
(11, 70),
(11, 71),
(11, 72),
(11, 73),
(11, 78),
(11, 79),
(11, 80),
(11, 81),
(11, 82),
(11, 83),
(11, 88),
(11, 89),
(11, 90),
(11, 91),
(11, 92),
(11, 93),
(11, 98),
(11, 99),
(11, 100),
(11, 101),
(11, 102),
(11, 103),
(11, 118),
(11, 119),
(11, 120),
(11, 121),
(11, 122),
(11, 123),
(11, 138),
(11, 139),
(11, 140),
(11, 141),
(11, 142),
(11, 143),
(12, 21),
(12, 58),
(12, 59),
(12, 60),
(12, 61),
(12, 62),
(12, 63),
(12, 24),
(12, 68),
(12, 69),
(12, 70),
(12, 71),
(12, 72),
(12, 73),
(12, 88),
(12, 89),
(12, 90),
(12, 91),
(12, 92),
(12, 93),
(12, 98),
(12, 99),
(12, 100),
(12, 101),
(12, 102),
(12, 103),
(12, 108),
(12, 109),
(12, 110),
(12, 111),
(12, 112),
(12, 113),
(12, 118),
(12, 119),
(12, 120),
(12, 121),
(12, 122),
(12, 123),
(12, 138),
(12, 139),
(12, 140),
(12, 141),
(12, 142),
(12, 143);


-- Table EvaluateurJury (Un dessin doit être évalué par deux évaluateurs, un jury)
INSERT INTO EvaluateurJury (numConcours, numEvaluateur)
VALUES
    (1, 18),
    (1, 19),
    (1, 20),
    (1, 21),
    (1, 22),
    (1, 23),
    (1, 24),
    (1, 25),
    (1, 26),
    (1, 27),
    (1, 28),
    (1, 29),
    (1, 33),
    (1, 34),
    (1, 35),
    (1, 36),
    (1, 37),
    (1, 38),
    (1, 39),
    (1, 40),
    (1, 41),


    (2, 18),
    (2, 19),
    (2, 20),
    (2, 21),
    (2, 22),
    (2, 23),
    (2, 24),
    (2, 25),
    (2, 26),
    (2, 27),
    (2, 28),
    (2, 29),
    (2, 36),
    (2, 37),
    (2, 38),
    (2, 39),
    (2, 40),
    (2, 41),
    (2, 45),
    (2, 46),
    (2, 47),


    (3, 21),
    (3, 22),
    (3, 23),
    (3, 24),
    (3, 25),
    (3, 26),
    (3, 27),
    (3, 28),
    (3, 29),
    (3, 30),
    (3, 31),
    (3, 32),
    (3, 33),
    (3, 34),
    (3, 35),
    (3, 39),
    (3, 40),
    (3, 41),
    (3, 45),
    (3, 46),
    (3, 47),


    (4, 18),
    (4, 19),
    (4, 20),
    (4, 24),
    (4, 25),
    (4, 26),
    (4, 27),
    (4, 28),
    (4, 29),
    (4, 30),
    (4, 31),
    (4, 32),
    (4, 33),
    (4, 34),
    (4, 35),
    (4, 39),
    (4, 40),
    (4, 41),


    (5, 18),
    (5, 19),
    (5, 20),
    (5, 21),
    (5, 22),
    (5, 23),
    (5, 24),
    (5, 25),
    (5, 26),
    (5, 30),
    (5, 31),
    (5, 32),
    (5, 33),
    (5, 34),
    (5, 35),
    (5, 36),
    (5, 37),
    (5, 38),
    (5, 39),
    (5, 40),
    (5, 41),
    (5, 45),
    (5, 46),
    (5, 47),


    (6, 18),
    (6, 19),
    (6, 20),
    (6, 21),
    (6, 22),
    (6, 23),
    (6, 27),
    (6, 28),
    (6, 29),
    (6, 33),
    (6, 34),
    (6, 35),
    (6, 36),
    (6, 37),
    (6, 38),
    (6, 45),
    (6, 46),
    (6, 47),


    (7, 18),
    (7, 19),
    (7, 20),
    (7, 21),
    (7, 22),
    (7, 23),
    (7, 24),
    (7, 25),
    (7, 26),
    (7, 27),
    (7, 28),
    (7, 29),
    (7, 39),
    (7, 40),
    (7, 41),
    (7, 42),
    (7, 43),
    (7, 44),
    (7, 45),
    (7, 46),
    (7, 47),


    (8, 18),
    (8, 19),
    (8, 20),
    (8, 21),
    (8, 22),
    (8, 23),
    (8, 27),
    (8, 28),
    (8, 29),
    (8, 30),
    (8, 31),
    (8, 32),
    (8, 33),
    (8, 34),
    (8, 35),
    (8, 39),
    (8, 40),
    (8, 41),
    (8, 45),
    (8, 46),
    (8, 47),


    (9, 18),
    (9, 19),
    (9, 20),
    (9, 24),
    (9, 25),
    (9, 26),
    (9, 27),
    (9, 28),
    (9, 29),
    (9, 30),
    (9, 31),
    (9, 32),
    (9, 33),
    (9, 34),
    (9, 35),
    (9, 39),
    (9, 40),
    (9, 41),


    (10, 18),
    (10, 19),
    (10, 20),
    (10, 21),
    (10, 22),
    (10, 23),
    (10, 24),
    (10, 25),
    (10, 26),
    (10, 30),
    (10, 31),
    (10, 32),
    (10, 33),
    (10, 34),
    (10, 35),
    (10, 36),
    (10, 37),
    (10, 38),
    (10, 39),
    (10, 40),
    (10, 41),
    (10, 45),
    (10, 46),
    (10, 47),


    (11, 24),
    (11, 25),
    (11, 26),
    (11, 27),
    (11, 28),
    (11, 29),
    (11, 30),
    (11, 31),
    (11, 32),
    (11, 33),
    (11, 34),
    (11, 35),
    (11, 39),
    (11, 40),
    (11, 41),
    (11, 42),
    (11, 43),
    (11, 44),


    (12, 21),
    (12, 22),
    (12, 23),
    (12, 24),
    (12, 25),
    (12, 26),
    (12, 30),
    (12, 31),
    (12, 32),
    (12, 33),
    (12, 34),
    (12, 35),
    (12, 36),
    (12, 37),
    (12, 38),
    (12, 39),
    (12, 40),
    (12, 41),
    (12, 45),
    (12, 46),
    (12, 47);