-- Vidage des tables dans l'ordre inverse des dépendances
DELETE FROM EvaluateurJury;
DELETE FROM CompetiteurParticipe;
DELETE FROM ClubParticipe;
DELETE FROM Evaluation;
DELETE FROM Dessin;
DELETE FROM Concours;
DELETE FROM Competiteur;
DELETE FROM Evaluateur;
DELETE FROM Directeur;
DELETE FROM Administrateur;
DELETE FROM President;
DELETE FROM Utilisateur;
DELETE FROM Club;

-- Réinitialisation des données

-- Table Club (6 clubs pour respecter la contrainte de participation à un concours)
INSERT INTO Club (numClub, nomClub, adresse, numTelephone, nombreAdherents, ville, departement, region)
VALUES
    (1, 'Artistes Lyonnais', '10 Rue de la Peinture, Lyon', '0478561234', 16, 'Lyon', 'Rhone', 'Auvergne-Rhone-Alpes'),
    (2, 'Createurs Parisiens', '22 Avenue des Arts, Paris', '0156789123', 15, 'Paris', 'Ile-de-France', 'Ile-de-France'),
    (3, 'Peintres Marseillais', '15 Rue de l"Art, Marseille', '0491256789', 15, 'Marseille', 'Bouches-du-Rhone', 'Provence-Alpes-Cote d"Azur'),
    (4, 'Peintres Bordelais', '30 Rue du Tableau, Bordeaux', '0556123456', 15, 'Bordeaux', 'Gironde', 'Nouvelle-Aquitaine'),
    (5, 'Artistes Toulousains', '12 Avenue de l"Art, Toulouse', '0562556789', 15, 'Toulouse', 'Haute-Garonne', 'Occitanie'),
    (6, 'Createurs Nimois', '20 Rue des Couleurs, Nimes', '0466245789', 14, 'Nîmes', 'Gard', 'Occitanie'),
    (7, 'Artisans Strasbourgeois', '8 Place des Arts, Strasbourg', '0388245678', 16, 'Strasbourg', 'Bas-Rhin', 'Grand Est'),
    (8, 'Peintres Lillois', '5 Rue des Toiles, Lille', '0320246789', 14, 'Lille', 'Nord', 'Hauts-de-France'),
    (9, 'Sculpteurs Nantais', '18 Boulevard de la Sculpture, Nantes', '0240123456', 15, 'Nantes', 'Loire-Atlantique', 'Pays de la Loire'),
    (10, 'Artistes Rennais', '25 Avenue de la Palette, Rennes', '0299556677', 14, 'Rennes', 'Ille-et-Vilaine', 'Bretagne');

-- Table Utilisateur
INSERT INTO Utilisateur (numUtilisateur, nom, prenom, age, adresse, login, motDePasse, numClub)
VALUES
    (1, 'Martin', 'Claire', 25, '5 Rue des Dessins, Lyon', 'cmartin', 'pass123', 1),
    (2, 'Dupont', 'Luc', 30, '8 Avenue de l"Art, Paris', 'ldupont', 'pass456', 2),
    (3, 'Durand', 'Emma', 22, '3 Boulevard des Peintres, Lyon', 'edurand', 'pass789', 1),
    (4, 'Leclerc', 'Julien', 28, '10 Rue des Artistes, Paris', 'jleclerc', 'pass000', 2),
    (5, 'Dubois', 'Marc', 35, '1 Rue du Tableau, Marseille', 'mdubois', 'pass111', 3),
    (6, 'Fournier', 'Sophie', 27, '5 Avenue des Arts, Bordeaux', 'sfournier', 'pass222', 4),

    (7, 'Lemoine', 'Pierre', 40, '3 Rue des Peintres, Toulouse', 'admin', 'admin', 5),

    (8, 'Benoit', 'Thomas', 32, '2 Avenue de l"Art, Nîmes', 'tbenoit', 'pass444', 1),
    (9, 'Morel', 'Alice', 29, '12 Rue du Design, Lille', 'amorel', 'pass555', 2),
    (10, 'Roux', 'Antoine', 33, '18 Rue des Sculpteurs, Lyon', 'aroux', 'pass666', 3),
    (11, 'Petit', 'Elodie', 26, '25 Rue de l"Impression, Paris', 'epetit', 'pass777', 4),
    (12, 'Garcia', 'Hugo', 31, '30 Avenue du Futur, Bordeaux', 'hgarcia', 'pass888', 5),
    (13, 'Bernard', 'Nina', 24, '22 Rue des Arts, Marseille', 'nbernard', 'pass999', 6),
    (14, 'Girard', 'Paul', 28, '15 Boulevard du Minimalisme, Lyon', 'pgirard', 'pass101', 7),
    (15, 'Andre', 'Chloe', 22, '5 Place de la Lumière, Nîmes', 'candre', 'pass202', 8),
    (16, 'Lopez', 'Maxime', 34, '9 Rue des Fresques, Paris', 'mlopez', 'pass303', 9),
    (17, 'Fernandez', 'Juliette', 21, '20 Avenue du Dessin, Toulouse', 'jfernandez', 'pass404', 10),

    (18, 'Mercier', 'Alexandre', 27, '10 Rue du Graffiti, Marseille', 'amercier', 'pass505', 1),
    (19, 'Lambert', 'Lucie', 23, '8 Avenue des Couleurs, Lille', 'llambert', 'pass606', 1),
    (20, 'Bonnet', 'Victor', 36, '6 Rue du Futurisme, Paris', 'vbonnet', 'pass707', 1),
    (21, 'Dupuis', 'Sarah', 25, '4 Boulevard de l"Art Moderne, Lyon', 'sdupuis', 'pass808', 2),
    (22, 'Schmitt', 'Quentin', 30, '3 Rue des Lumières, Bordeaux', 'qschmitt', 'pass909', 2),
    (23, 'Colin', 'Amelie', 28, '7 Avenue des Paysages, Toulouse', 'acolin', 'pass010', 2),
    (24, 'Barbier', 'Leo', 32, '2 Rue des Céramiques, Nîmes', 'lbarbier', 'pass111', 3),
    (25, 'Gauthier', 'Marie', 29, '11 Rue de la Sculpture, Lille', 'mgauthier', 'pass222', 3),
    (26, 'Chevalier', 'Louis', 35, '16 Avenue des Abstraits, Marseille', 'lchevalier', 'pass333', 3),
    (27, 'Moulin', 'Manon', 24, '19 Boulevard des Arts, Paris', 'mmoulin', 'pass444', 4),
    (28, 'Perez', 'Hugo', 31, '14 Rue du Tableau Vivant, Lyon', 'hperez', 'pass555', 4),
    (29, 'Rey', 'Emma', 22, '1 Rue de la Lumière, Toulouse', 'erey', 'pass666', 4),
    (30, 'Legran', 'Julie', 27, '20 Avenue des Impressionnistes, Lille', 'jlegran', 'pass777', 5),
    (31, 'Vidal', 'Mathieu', 33, '17 Rue du Design Urbain, Nîmes', 'mvidal', 'pass888', 5),
    (32, 'Roy', 'Camille', 26, '13 Boulevard des Fresques, Bordeaux', 'croy', 'pass999', 5),
    (33, 'Perrin', 'Lucas', 28, '22 Rue des Abstractions, Lyon', 'lperrin', 'pass010', 6),
    (34, 'Blanc', 'Elisa', 25, '18 Avenue des Peintures, Paris', 'eblanc', 'pass111', 6),
    (35, 'Mallet', 'Arthur', 30, '4 Boulevard de l"Art Urbain, Bordeaux', 'amallet', 'pass222', 6),
    (36, 'Noir', 'Justine', 29, '12 Rue du Dessin Contemporain, Marseille', 'jnoir', 'pass333', 7),
    (37, 'Renaud', 'Adrien', 34, '3 Avenue des Fresques, Lille', 'arenaud', 'pass444', 7),
    (38, 'Fabre', 'Louise', 23, '7 Rue des Couleurs, Toulouse', 'lfabre', 'pass555', 7),
    (39, 'Perrot', 'Theo', 28, '9 Place de l"Impression, Lyon', 'tperrot', 'pass666', 8),
    (40, 'Simon', 'Marie', 32, '15 Avenue des Sculpteurs, Paris', 'msimon', 'pass777', 8),
    (41, 'Grange', 'Hugo', 27, '11 Boulevard du Minimalisme, Bordeaux', 'hgrange', 'pass888', 8),
    (42, 'Brun', 'Alice', 24, '10 Rue des Paysages, Marseille', 'abrun', 'pass999', 9),
    (43, 'Gaillard', 'Victor', 30, '2 Rue du Graffiti, Lille', 'vgaillard', 'pass010', 9),
    (44, 'Chartier', 'Lucie', 28, '6 Avenue des Céramiques, Lyon', 'lchartier', 'pass111', 9),
    (45, 'Olivier', 'Paul', 33, '5 Place de l"Abstraction, Toulouse', 'polivier', 'pass222', 10),
    (46, 'Rossi', 'Chloe', 29, '9 Boulevard de la Lumière, Marseille', 'crossi', 'pass333', 10),
    (47, 'Baron', 'Leo', 31, '14 Rue des Arts Modernes, Paris', 'lbaron', 'pass444', 10),

    (48, 'Paris', 'Emma', 22, '19 Avenue des Designs, Lille', 'eparis', 'pass555', 1),
    (49, 'Rolland', 'Camille', 27, '21 Boulevard des Peintures, Bordeaux', 'crolland', 'pass666', 1),
    (50, 'Renault', 'Antoine', 34, '4 Rue des Sculptures Urbaines, Lyon', 'arenault', 'pass777', 1),
    (51, 'Guerin', 'Elodie', 25, '16 Avenue de l"Art, Toulouse', 'eguerin', 'pass888', 1),
    (52, 'Collet', 'Maxime', 28, '12 Rue des Tableaux, Marseille', 'mcollet', 'pass999', 1),
    (53, 'Millet', 'Alice', 30, '8 Boulevard des Arts, Paris', 'amillet', 'pass010', 1),
    (54, 'Boucher', 'Hugo', 33, '13 Avenue des Impressionnistes, Lyon', 'hboucher', 'pass111', 1),
    (55, 'Poulain', 'Manon', 24, '5 Place des Lumières, Bordeaux', 'mpoulain', 'pass222', 1),
    (56, 'Lemoine', 'Theo', 29, '7 Rue du Design Futuriste, Marseille', 'tlemoine', 'pass333', 1),
    (57, 'Levesque', 'Nina', 27, '3 Avenue des Graffitis, Lille', 'nlevesque', 'pass444', 1),

    (58, 'Albert', 'Lucas', 31, '22 Boulevard du Dessin Urbain, Toulouse', 'lalbert', 'pass555', 2),
    (59, 'Lemoal', 'Juliette', 28, '20 Rue de l"Abstraction, Lyon', 'jlemoal', 'pass666', 2),
    (60, 'Clément', 'Victor', 34, '17 Avenue des Paysages, Marseille', 'vclement', 'pass777', 2),
    (61, 'Briand', 'Sarah', 25, '9 Place des Impressionnistes, Bordeaux', 'sbriand', 'pass888', 2),
    (62, 'Vallet', 'Emma', 29, '11 Rue des Peintures Classiques, Paris', 'evallet', 'pass999', 2),
    (63, 'Fleury', 'Paul', 32, '14 Avenue des Sculpteurs Modernes, Lille', 'pfleury', 'pass010', 2),
    (64, 'Verdier', 'Claire', 27, '6 Rue du Design Minimaliste, Marseille', 'cverdier', 'pass111', 2),
    (65, 'Picard', 'Leo', 30, '2 Boulevard des Arts Contemporains, Toulouse', 'lpicard', 'pass222', 2),
    (66, 'Renard', 'Chloe', 24, '19 Rue des Céramiques Artisanales, Paris', 'crenard', 'pass333', 2),
    (67, 'Masson', 'Lucas', 33, '3 Avenue des Graffitis Urbains, Lyon', 'lmasson', 'pass444', 2),

    (68, 'Marchand', 'Alice', 28, '7 Rue des Couleurs Naturelles, Bordeaux', 'amarchand', 'pass555', 3),
    (69, 'Gillet', 'Antoine', 35, '20 Boulevard des Dessins Urbains, Marseille', 'agillet', 'pass666', 3),
    (70, 'Cheval', 'Juliette', 22, '10 Rue des Impressionnistes, Lille', 'jcheval', 'pass777', 3),
    (71, 'Legrand', 'Julie', 29, '15 Rue des Couleurs, Toulouse', 'jlegrand', 'pass202', 3),
    (72, 'Moreau', 'Paul', 31, '16 Rue des Fresques, Toulouse', 'pmoreau', 'pass303', 3),
    (73, 'Roussel', 'Louis', 27, '17 Rue des Sculpteurs, Toulouse', 'lroussel', 'pass404', 3),
    (74, 'Lefevre', 'Arthur', 34, '18 Rue des Artistes, Toulouse', 'alefevre', 'pass505', 3),
    (75, 'Laurent', 'Elodie', 25, '19 Rue du Tableau, Toulouse', 'elaurent', 'pass606', 3),
    (76, 'Deschamps', 'Sophie', 28, '23 Avenue de l"Art Nouveau, Paris', 'sdeschamps', 'pass707', 3),
    (77, 'Beaumont', 'Nicolas', 32, '31 Rue des Ateliers, Lyon', 'nbeaumont', 'pass808', 3),

    (78, 'Delaunay', 'Charlotte', 24, '27 Boulevard des Créateurs, Marseille', 'cdelaunay', 'pass909', 4),
    (79, 'Fontaine', 'Gabriel', 30, '14 Place de l"Innovation, Bordeaux', 'gfontaine', 'pass121', 4),
    (80, 'Bouvier', 'Léa', 27, '8 Rue de l"Expression, Toulouse', 'lbouvier', 'pass131', 4),
    (81, 'Lacroix', 'Mathis', 33, '16 Avenue des Talents, Nantes', 'mlacroix', 'pass141', 4),
    (82, 'Germain', 'Inès', 29, '22 Rue de l"Imagination, Lille', 'igermain', 'pass151', 4),
    (83, 'Hubert', 'Raphaël', 28, '9 Boulevard des Créatifs, Strasbourg', 'rhubert', 'pass161', 4),
    (84, 'Dumont', 'Clara', 31, '11 Avenue des Portraits, Montpellier', 'cdumont', 'pass171', 4),
    (85, 'Vasseur', 'Nathan', 25, '25 Rue des Esquisses, Rennes', 'nvasseur', 'pass181', 4),
    (86, 'Lemaire', 'Eva', 22, '33 Boulevard de l"Art Digital, Nice', 'elemaire', 'pass191', 4),
    (87, 'Boulay', 'Maxence', 34, '18 Rue des Compositions, Reims', 'mboulay', 'pass201', 4),

    (88, 'Peltier', 'Jade', 27, '20 Avenue des Perspectives, Grenoble', 'jpeltier', 'pass211', 5),
    (89, 'Bourgeois', 'Simon', 30, '12 Rue des Installations, Dijon', 'sbourgeois', 'pass221', 5),
    (90, 'Jacquet', 'Maëlle', 28, '28 Boulevard des Performances, Angers', 'mjacquet', 'pass231', 5),
    (91, 'Renard', 'Baptiste', 32, '15 Avenue des Expositions, Le Mans', 'brenard', 'pass241', 5),
    (92, 'Guillot', 'Lina', 24, '21 Rue des Arts Numériques, Nantes', 'lguillot', 'pass251', 5),
    (93, 'Meunier', 'Robin', 29, '24 Avenue des Créations, Strasbourg', 'rmeunier', 'pass261', 5),
    (94, 'Tanguy', 'Flora', 33, '29 Boulevard des Studios, Montpellier', 'ftanguy', 'pass271', 5),
    (95, 'Bertin', 'Oscar', 27, '32 Rue de l"Art Contemporain, Nice', 'obertin', 'pass281', 5),
    (96, 'Seguin', 'Romane', 31, '26 Avenue des Galeries, Reims', 'rseguin', 'pass291', 5),
    (97, 'Marty', 'Bastien', 28, '17 Rue des Vernissages, Grenoble', 'bmarty', 'pass301', 5),

    (98, 'Leroy', 'Margaux', 25, '13 Place des Expositions, Dijon', 'mleroy', 'pass311', 6),
    (99, 'Aubert', 'Théo', 30, '8 Boulevard des Ateliers, Angers', 'taubert', 'pass321', 6),
    (100, 'Pelletier', 'Zoé', 27, '19 Rue des Créateurs, Le Mans', 'zpelletier', 'pass331', 6),
    (101, 'Carpentier', 'Alex', 32, '23 Avenue de l"Innovation, Caen', 'acarpentier', 'pass341', 6),
    (102, 'Navarro', 'Léonie', 28, '28 Rue des Galeries, Orléans', 'lnavarro', 'pass351', 6),
    (103, 'Brunet', 'Samuel', 34, '31 Boulevard des Artistes, Rouen', 'sbrunet', 'pass361', 6),
    (104, 'Wagner', 'Ambre', 29, '16 Place de la Création, Metz', 'awagner', 'pass371', 6),
    (105, 'Lebrun', 'Valentin', 33, '12 Rue des Studios, Perpignan', 'vlebrun', 'pass381', 6),
    (106, 'Duval', 'Carla', 24, '25 Avenue des Arts Plastiques, Mulhouse', 'cduval', 'pass391', 6),
    (107, 'Salmon', 'Nolan', 31, '30 Boulevard des Expositions, Brest', 'nsalmon', 'pass401', 6),

    (108, 'Tessier', 'Océane', 27, '14 Rue de l"Art Urbain, Amiens', 'otessier', 'pass411', 7),
    (109, 'Perret', 'Dylan', 28, '27 Avenue des Vernissages, Limoges', 'dperret', 'pass421', 7),
    (110, 'Michaud', 'Lilou', 32, '22 Place des Créations, Bayonne', 'lmichaud', 'pass431', 7),
    (111, 'Lesage', 'Ethan', 28, '18 Boulevard des Innovations, Besançon', 'elesage', 'pass441', 7),
    (112, 'Berthelot', 'Anaïs', 32, '11 Rue des Performances, Poitiers', 'aberthelot', 'pass451', 7),
    (113, 'Vaillant', 'Enzo', 25, '33 Avenue des Studios, Saint-Étienne', 'evaillant', 'pass461', 7),
    (114, 'Guilbert', 'Capucine', 29, '15 Place de l"Art Digital, Toulon', 'cguilbert', 'pass471', 7),
    (115, 'Thibault', 'Axel', 34, '20 Rue des Expositions, Pau', 'athibault', 'pass481', 7),
    (116, 'Reynaud', 'Lola', 27, '24 Boulevard des Ateliers, Nancy', 'lreynaud', 'pass491', 7),
    (117, 'Cordier', 'Tom', 31, '29 Avenue des Créateurs, Tours', 'tcordier', 'pass501', 7),

    (118, 'Godin', 'Maeva', 22, '13 Rue de l"Art Moderne, Clermont-Ferrand', 'mgodin', 'pass511', 8),
    (119, 'Coulon', 'Nino', 30, '28 Place des Galeries, Versailles', 'ncoulon', 'pass521', 8),
    (120, 'Pascal', 'Lena', 26, '16 Boulevard des Innovations, Cannes', 'lpascal', 'pass531', 8),
    (121, 'Boutin', 'Mathéo', 28, '21 Rue des Arts Visuels, La Rochelle', 'mboutin', 'pass541', 8),
    (122, 'Charpentier', 'Louna', 24, '26 Avenue des Studios, Antibes', 'lcharpentier', 'pass551', 8),
    (123, 'Humbert', 'Timéo', 33, '32 Place des Créations, Calais', 'thumbert', 'pass561', 8),
    (124, 'Guyot', 'Alicia', 29, '17 Boulevard des Expositions, Colmar', 'aguyot', 'pass571', 8),
    (125, 'Chevallier', 'Martin', 35, '23 Rue de l"Art Contemporain, Béziers', 'mchevallier', 'pass581', 8),
    (126, 'Bouvet', 'Célia', 21, '19 Avenue des Vernissages, Dunkerque', 'cbouvet', 'pass591', 8),
    (127, 'Imbert', 'Lorenzo', 36, '14 Place des Innovations, Arles', 'limbert', 'pass601', 8),

    (128, 'Marin', 'Jeanne', 23, '30 Boulevard des Ateliers, Chartres', 'jmarin', 'pass611', 9),
    (129, 'Guichard', 'Kylian', 28, '25 Rue des Performances, Niort', 'kguichard', 'pass621', 9),
    (130, 'Descamps', 'Camille', 34, '11 Avenue des Studios, Chambéry', 'cdescamps', 'pass631', 9),
    (131, 'Gros', 'Romain', 27, '27 Place de l"Art Digital, Vannes', 'rgros', 'pass641', 9),
    (132, 'Langlois', 'Yasmine', 31, '22 Boulevard des Créations, Sète', 'ylanglois', 'pass651', 9),
    (133, 'Blanchet', 'Aaron', 24, '18 Rue des Expositions, Beauvais', 'ablanchet', 'pass661', 9),
    (134, 'Valentin', 'Agathe', 30, '33 Avenue des Galeries, Cholet', 'avalentin', 'pass671', 9),
    (135, 'Gregoire', 'Sacha', 28, '15 Place des Innovations, Roanne', 'sgregoire', 'pass681', 9),
    (136, 'Bouchet', 'Louane', 32, '20 Rue de l"Art Moderne, Blois', 'lbouchet', 'pass691', 9),
    (137, 'Sabatier', 'Noam', 26, '24 Boulevard des Ateliers, Bastia', 'nsabatier', 'pass701', 9),

    (138, 'Delmas', 'Clémence', 29, '29 Avenue des Studios, Mérignac', 'cdelmas', 'pass711', 10),
    (139, 'Caron', 'Loan', 33, '13 Place des Créations, Saint-Malo', 'lcaron', 'pass721', 10),
    (140, 'Buisson', 'Pauline', 25, '28 Rue des Performances, Belfort', 'pbuisson', 'pass731', 10),
    (141, 'Goujon', 'Rafael', 34, '16 Boulevard de l"Art Digital, Albi', 'rgoujon', 'pass741', 10),
    (142, 'Pichon', 'Héloïse', 28, '21 Avenue des Expositions, Lorient', 'hpichon', 'pass751', 10),
    (143, 'Grandjean', 'Marius', 31, '26 Place des Innovations, Montauban', 'mgrandjean', 'pass761', 10),
    (144, 'Leblanc', 'Constance', 27, '32 Rue des Galeries, Brive', 'cleblanc', 'pass771', 10),
    (145, 'Bazin', 'Tristan', 36, '17 Boulevard des Ateliers, Carcassonne', 'tbazin', 'pass781', 10),
    (146, 'Lacombe', 'Apolline', 22, '23 Avenue des Studios, Chalon', 'alacombe', 'pass791', 10),
    (147, 'Allard', 'César', 35, '19 Place de l"Art Contemporain, Vienne', 'callard', 'pass801', 10),

    (148, 'Forestier', 'Lise', 24, '14 Rue des Créations, Laval', 'lforestier', 'pass811', 3),
    (149, 'Perrier', 'Rémi', 30, '30 Boulevard des Performances, Meaux', 'rperrier', 'pass821', 4),
    (150, 'Dufour', 'Félicie', 28, '25 Avenue des Innovations, Quimper', 'fdufour', 'pass831', 5);


-- Table President (Un président pour chaque concours)
INSERT INTO President (numPresident, prime)
VALUES
    (1, 3200.00),
    (2, 3000.00),
    (3, 1500.00),
    (4, 5500.00),
    (5, 2000.00),
    (6, 3000.00);


-- Table Administrateur
INSERT INTO Administrateur (numAdministrateur, dateDebut)
VALUES
(7, '2020-01-01');

-- Table Directeur
INSERT INTO Directeur (numDirecteur, dateDebut, numClub)
VALUES
    (8, '2021-03-15', 1),
    (9, '2020-06-10', 2),
    (10, '2022-05-01', 3),
    (11, '2019-11-20', 4),
    (12, '2023-01-05', 5),
    (13, '2022-09-12', 6),
    (14, '2021-07-18', 7),
    (15, '2020-04-22', 8),
    (16, '2023-03-10', 9),
    (17, '2022-12-01', 10);

-- Table Competiteur (Les compétiteurs sont répartis dans différents concours)
INSERT INTO Competiteur (numCompetiteur, datePremiereParticipation)
VALUES
    (18, '2025-01-10'),
    (21, '2025-04-05'),
    (24, '2025-08-15'),
    (48, '2025-01-10'),
    (49, '2025-04-05'),
    (50, '2025-08-15'),
    (51, '2025-10-20'),
    (52, '2023-04-15'),
    (53, '2023-07-18'),
    (58, '2024-09-20'),
    (59, '2024-12-15'),
    (60, '2025-01-10'),
    (61, '2025-04-05'),
    (62, '2025-08-15'),
    (63, '2025-10-20'),
    (68, '2024-04-10'),
    (69, '2024-07-15'),
    (70, '2024-09-20'),
    (71, '2024-12-15'),
    (72, '2025-01-10'),
    (73, '2025-04-05'),
    (78, '2023-09-05'),
    (79, '2023-12-17'),
    (80, '2024-04-10'),
    (81, '2024-07-15'),
    (82, '2024-09-20'),
    (83, '2024-12-15'),
    (88, '2023-04-15'),
    (89, '2023-07-18'),
    (90, '2023-09-05'),
    (91, '2023-12-17'),
    (92, '2024-04-10'),
    (93, '2024-07-15'),
    (98, '2025-08-15'),
    (99, '2025-10-20'),
    (100, '2023-04-15'),
    (101, '2023-07-18'),
    (102, '2023-09-05'),
    (103, '2023-12-17'),
    (108, '2025-01-10'),
    (109, '2025-04-05'),
    (110, '2025-08-15'),
    (111, '2025-10-20'),
    (112, '2023-04-15'),
    (113, '2023-07-18'),
    (118, '2024-09-20'),
    (119, '2024-12-15'),
    (120, '2025-01-10'),
    (121, '2025-04-05'),
    (122, '2025-08-15'),
    (123, '2025-10-20'),
    (128, '2024-04-10'),
    (129, '2024-07-15'),
    (130, '2024-09-20'),
    (131, '2024-12-15'),
    (132, '2025-01-10'),
    (133, '2025-04-05'),
    (138, '2023-09-05'),
    (139, '2023-12-17'),
    (140, '2024-04-10'),
    (141, '2025-04-05'),
    (142, '2025-08-15'),
    (143, '2025-10-20');


-- Table Concours (Assurer qu'il y a 6 concours en tout, un pour chaque saison et chaque concours doit avoir 6 clubs)
INSERT INTO Concours (numConcours, theme, dateDebut, dateFin, etat, descriptif, numPresident)
VALUES
    (1, 'Paysages Naturels', '2023-04-15', '2023-04-25', 'Evalue', 'Un concours mettant en avant des représentations artistiques de paysages naturels à travers différents médiums.', 1),
    (2, 'Art Abstrait', '2023-07-18', '2023-07-28', 'Evalue', 'Exploration des formes et couleurs abstraites, offrant une liberté totale à l"imagination des artistes.', 2),
    (3, 'Peintures Classiques', '2023-09-05', '2023-09-15', 'Evalue', 'Un hommage aux techniques et styles traditionnels de la peinture classique.', 3),
    (4, 'Sculptures Modernes', '2023-12-17', '2023-12-27', 'Evalue', 'Une compétition mettant en lumière des œuvres sculpturales innovantes et modernes.', 4),
    (5, 'Arts Contemporains', '2024-04-10', '2024-04-20', 'Evalue', 'Un concours dédié aux créations contemporaines qui reflètent notre époque actuelle.', 2),
    (6, 'Art en Nature', '2024-07-15', '2024-07-25', 'Evalue', 'Des œuvres artistiques réalisées en harmonie avec la nature ou à partir d"éléments naturels.', 5),
    (7, 'Photographies Urbaines', '2024-09-20', '2024-09-30', 'Evalue', 'Mise en valeur de la vie urbaine et des paysages citadins à travers la photographie.', 6),
    (8, 'Graffiti et Street Art', '2024-12-15', '2024-12-25', 'En attente des résultats', 'Un concours célébrant l"art de la rue et la créativité des graffeurs.', 3),
    (9, 'Peintures Impressionnistes', '2025-01-10', '2025-01-20', 'En cours', 'Une invitation à reproduire la magie de la lumière et des couleurs propres à l"impressionnisme.', 4),
    (10, 'Design Minimaliste', '2025-04-05', '2025-04-15', 'Non commence', 'Exploration du design épuré et fonctionnel, centré sur la simplicité et l"essentiel.', 3),
    (11, 'Architecture Futuriste', '2025-08-15', '2025-08-25', 'Non commence', 'Un concours de conceptions architecturales visionnaires tournées vers l"avenir.', 6),
    (12, 'Céramiques Artisanales', '2025-10-20', '2025-10-30', 'Non commence', 'Un concours mettant en avant le savoir-faire artisanal et les créations en céramique.', 1);


-- Table Dessin (Un compétiteur     peut déposer jusqu'à 3 dessins par concours)
INSERT INTO Dessin (numDessin, commentaire, classement, dateRemise, leDessin, numConcours, numCompetiteur)
VALUES
    (1, 'Explosion de couleurs vibrantes.', 1, '2023-04-20', NULL, 1, 18),
    (2, 'Conception futuriste.', 2, '2023-04-20', NULL, 1, 18),
    (3, 'Art abstrait, mais fascinant.', 1, '2023-04-20', NULL, 1, 48),
    (4, 'Fusion des formes géométriques.', 2, '2023-04-20', NULL, 1, 49),
    (5, 'Palette de couleurs éclatantes.', 1, '2023-04-20', NULL, 1, 50),
    (6, 'Style avant-gardiste.', 2, '2023-04-20', NULL, 1, 51),
    (7, 'Abstraction intrigante.', 1, '2023-04-20', NULL, 1, 52),
    (8, 'Jeu de formes et d’espaces.', 2, '2023-04-20', NULL, 1, 53),
    (9, 'Explosion chromatique intense.', 1, '2023-04-20', NULL, 1, 21),
    (10, 'Innovation dans chaque détail.', 2, '2023-04-20', NULL, 1, 58),
    (11, 'Abstraction fascinante.', 1, '2023-04-20', NULL, 1, 59),
    (12, 'Voyage dans l’univers géométrique.', 2, '2023-04-20', NULL, 1, 59),
    (13, 'Magnifique rendu des teintes.', 1, '2023-04-20', NULL, 1, 60),
    (14, 'Concept unique et moderne.', 2, '2023-04-20', NULL, 1, 60),
    (15, 'Abstraction captivante.', 1, '2023-04-20', NULL, 1, 61),
    (16, 'Déconstruction des formes classiques.', 2, '2023-04-20', NULL, 1, 62),
    (17, 'Jeux de couleurs en mouvement.', 1, '2023-04-20', NULL, 1, 63),
    (18, 'Vision futuriste du design.', 2, '2023-04-20', NULL, 1, 24),
    (19, 'Impression visuelle marquante.', 1, '2023-04-20', NULL, 1, 68),
    (20, 'Expérimentation géométrique audacieuse.', 2, '2023-04-20', NULL, 1, 68),
    (21, 'Palette de nuances éclatantes.', 1, '2023-04-20', NULL, 1, 68),
    (22, 'Sculpture de formes abstraites.', 2, '2023-04-20', NULL, 1, 69),
    (23, 'Harmonie visuelle abstraite.', 1, '2023-04-20', NULL, 1, 70),
    (24, 'Déformation créative des géométries.', 2, '2023-04-20', NULL, 1, 71),
    (25, 'Jeux de contrastes visuels.', 1, '2023-04-20', NULL, 1, 71),
    (26, 'Design audacieux et moderne.', 2, '2023-04-20', NULL, 1, 72),
    (27, 'Abstraction poignante.', 1, '2023-04-20', NULL, 1, 73),
    (28, 'Inspiration géométrique dans l’espace.', 2, '2023-04-20', NULL, 1, 78),
    (29, 'Rendement intense des couleurs.', 1, '2023-04-20', NULL, 1, 79),
    (30, 'Innovations dans les lignes et formes.', 2, '2023-04-20', NULL, 1, 80),
    (31, 'Abstraction d’un monde parallèle.', 1, '2023-04-20', NULL, 1, 80),
    (32, 'Exploration géométrique extrême.', 2, '2023-04-20', NULL, 1, 81),
    (33, 'Explosion de tonalités colorées.', 1, '2023-04-20', NULL, 1, 81),
    (34, 'Conception épurée et moderne.', 2, '2023-04-20', NULL, 1, 81),
    (35, 'Création artistique audacieuse.', 1, '2023-04-20', NULL, 1, 82),
    (36, 'Voyage dans le monde des géométries.', 2, '2023-04-20', NULL, 1, 83),
    (37, 'Harmonie parfaite des formes géométriques.', 2, '2023-04-20', NULL, 1, 98),
    (38, 'Teintes vives et éclatantes.', 1, '2023-04-20', NULL, 1, 98),
    (39, 'Design novateur et structuré.', 2, '2023-04-20', NULL, 1, 99),
    (40, 'Abstraction impressionnante.', 1, '2023-04-20', NULL, 1, 100),
    (41, 'Représentation des formes en mouvement.', 2, '2023-04-20', NULL, 1, 100),
    (42, 'Somptueux rendu de la palette chromatique.', 1, '2023-04-20', NULL, 1, 101),
    (43, 'Dynamisme dans la structure des formes.', 2, '2023-04-20', NULL, 1, 102),
    (44, 'Création d’une vision abstraite puissante.', 1, '2023-04-20', NULL, 1, 103),
    (45, 'Équilibre fascinant des formes géométriques.', 2, '2023-04-20', NULL, 1, 103),
    (46, 'Résonance des formes et couleurs.', 2, '2023-04-20', NULL, 1, 103),
    (47, 'Création géométrique fascinante.', 2, '2023-04-20', NULL, 1, 108),
    (48, 'Palette de couleurs énergisantes.', 1, '2023-04-20', NULL, 1, 109),
    (49, 'Formes modernes et dynamiques.', 2, '2023-04-20', NULL, 1, 110),
    (50, 'Abstraction fluide et captivante.', 1, '2023-04-20', NULL, 1, 111),
    (51, 'Design visuel géométrique et fluide.', 2, '2023-04-20', NULL, 1, 112),
    (52, 'Structure géométrique audacieuse et innovante.', 2, '2023-04-20', NULL, 1, 113),
    (53, 'Nuances colorées éclatantes et contrastées.', 1, '2023-04-20', NULL, 1, 113),
    (54, 'Style moderne et expérimental.', 2, '2023-04-20', NULL, 1, 118),
    (55, 'Création visuelle saisissante et abstraite.', 1, '2023-04-20', NULL, 1, 119),
    (56, 'Exploration géométrique avec des formes audacieuses.', 2, '2023-04-20', NULL, 1, 120),
    (57, 'Palette dynamique de couleurs audacieuses.', 1, '2023-04-20', NULL, 1, 121),
    (58, 'Design futuriste avec une touche géométrique.', 2, '2023-04-20', NULL, 1, 122),
    (59, 'Art abstrait d’une grande force visuelle.', 1, '2023-04-20', NULL, 1, 122),
    (60, 'Fusion parfaite des formes et couleurs.', 2, '2023-04-20', NULL, 1, 123),
    (61, 'Tres beau rendu des couleurs.', 1, '2023-07-25', NULL, 2, 18),
    (62, 'Design innovant.', 2, '2023-07-25', NULL, 2, 48),
    (63, 'Abstrait, mais captivant.', 1, '2023-07-25', NULL, 2, 49),
    (64, 'Exploration des formes géométriques.', 2, '2023-07-25', NULL, 2, 49),
    (65, 'Tres beau rendu des couleurs.', 1, '2023-07-25', NULL, 2, 50),
    (66, 'Design innovant.', 2, '2023-07-25', NULL, 2, 51),
    (67, 'Abstrait, mais captivant.', 1, '2023-07-25', NULL, 2, 52),
    (68, 'Exploration des formes géométriques.', 2, '2023-07-25', NULL, 2, 52),
    (69, 'Tres beau rendu des couleurs.', 1, '2023-07-25', NULL, 2, 53),
    (70, 'Design innovant.', 2, '2023-07-25', NULL, 2, 21),
    (71, 'Abstrait, mais captivant.', 1, '2023-07-25', NULL, 2, 58),
    (72, 'Exploration des formes géométriques.', 2, '2023-07-25', NULL, 2, 58),
    (73, 'Tres beau rendu des couleurs.', 1, '2023-07-25', NULL, 2, 58),
    (74, 'Design innovant.', 2, '2023-07-25', NULL, 2, 59),
    (75, 'Abstrait, mais captivant.', 1, '2023-07-25', NULL, 2, 60),
    (76, 'Exploration des formes géométriques.', 2, '2023-07-25', NULL, 2, 61),
    (77, 'Tres beau rendu des couleurs.', 1, '2023-07-25', NULL, 2, 62),
    (78, 'Design innovant.', 2, '2023-07-25', NULL, 2, 62),
    (79, 'Abstrait, mais captivant.', 1, '2023-07-25', NULL, 2, 63),
    (80, 'Exploration des formes géométriques.', 2, '2023-07-25', NULL, 2, 24),
    (81, 'Tres beau rendu des couleurs.', 1, '2023-07-25', NULL, 2, 68),
    (82, 'Design innovant.', 2, '2023-07-25', NULL, 2, 68),
    (83, 'Abstrait, mais captivant.', 1, '2023-07-25', NULL, 2, 69),
    (84, 'Exploration des formes géométriques.', 2, '2023-07-25', NULL, 2, 70),
    (85, 'Tres beau rendu des couleurs.', 1, '2023-07-25', NULL, 2, 71),
    (86, 'Design innovant.', 2, '2023-07-25', NULL, 2, 72),
    (87, 'Abstrait, mais captivant.', 1, '2023-07-25', NULL, 2, 72),
    (88, 'Exploration des formes géométriques.', 2, '2023-07-25', NULL, 2, 73),
    (89, 'Tres beau rendu des couleurs.', 1, '2023-07-25', NULL, 2, 73),
    (90, 'Design innovant.', 2, '2023-07-25', NULL, 2, 73),
    (91, 'Abstrait, mais captivant.', 1, '2023-07-25', NULL, 2, 78),
    (92, 'Exploration des formes géométriques.', 2, '2023-07-25', NULL, 2, 79),
    (93, 'Tres beau rendu des couleurs.', 1, '2023-07-25', NULL, 2, 80),
    (94, 'Design innovant.', 2, '2023-07-25', NULL, 2, 81),
    (95, 'Abstrait, mais captivant.', 1, '2023-07-25', NULL, 2, 81),
    (96, 'Exploration des formes géométriques.', 2, '2023-07-25', NULL, 2, 82),
    (97, 'Exploration des formes géométriques.', 2, '2023-07-25', NULL, 2, 82),
    (98, 'Tres beau rendu des couleurs.', 1, '2023-07-25', NULL, 2, 83),
    (99, 'Abstrait, mais captivant.', 1, '2023-07-25', NULL, 2, 108),
    (100, 'Exploration des formes géométriques.', 2, '2023-07-25', NULL, 2, 109),
    (101, 'Tres beau rendu des couleurs.', 1, '2023-07-25', NULL, 2, 110),
    (102, 'Design innovant.', 2, '2023-07-25', NULL, 2, 111),
    (103, 'Abstrait, mais captivant.', 1, '2023-07-25', NULL, 2, 111),
    (104, 'Exploration des formes géométriques.', 2, '2023-07-25', NULL, 2, 112),
    (105, 'Exploration des formes géométriques.', 2, '2023-07-25', NULL, 2, 113),
    (106, 'Tres beau rendu des couleurs.', 1, '2023-07-25', NULL, 2, 113),
    (107, 'Design innovant.', 2, '2023-07-25', NULL, 2, 118),
    (108, 'Abstrait, mais captivant.', 1, '2023-07-25', NULL, 2, 119),
    (109, 'Exploration des formes géométriques.', 2, '2023-07-25', NULL, 2, 120),
    (110, 'Tres beau rendu des couleurs.', 1, '2023-07-25', NULL, 2, 120),
    (111, 'Design innovant.', 2, '2023-07-25', NULL, 2, 120),
    (112, 'Abstrait, mais captivant.', 1, '2023-07-25', NULL, 2, 121),
    (113, 'Exploration des formes géométriques.', 2, '2023-07-25', NULL, 2, 122),
    (114, 'Exploration des formes géométriques.', 2, '2023-07-25', NULL, 2, 123),
    (115, 'Tres beau rendu des couleurs.', 1, '2023-07-25', NULL, 2, 123),
    (116, 'Design innovant.', 2, '2023-07-25', NULL, 2, 138),
    (117, 'Abstrait, mais captivant.', 1, '2023-07-25', NULL, 2, 139),
    (118, 'Exploration des formes géométriques.', 2, '2023-07-25', NULL, 2, 140),
    (119, 'Tres beau rendu des couleurs.', 1, '2023-07-25', NULL, 2, 141),
    (120, 'Design innovant.', 2, '2023-07-25', NULL, 2, 141),
    (121, 'Abstrait, mais captivant.', 1, '2023-07-25', NULL, 2, 142),
    (122, 'Exploration des formes géométriques.', 2, '2023-07-25', NULL, 2, 143),
    (123, 'Exploration des formes géométriques.', 2, '2023-09-10', NULL, 3, 21),
    (124, 'Tres beau rendu des couleurs.', 1, '2023-09-10', NULL, 3, 58),
    (125, 'Design innovant.', 2, '2023-09-10', NULL, 3, 58),
    (126, 'Abstrait, mais captivant.', 1, '2023-09-10', NULL, 3, 59),
    (127, 'Exploration des formes géométriques.', 2, '2023-09-10', NULL, 3, 60),
    (128, 'Tres beau rendu des couleurs.', 1, '2023-09-10', NULL, 3, 61),
    (129, 'Design innovant.', 2, '2023-09-10', NULL, 3, 61),
    (130, 'Abstrait, mais captivant.', 1, '2023-09-10', NULL, 3, 62),
    (131, 'Exploration des formes géométriques.', 2, '2023-09-10', NULL, 3, 62),
    (132, 'Exploration des formes géométriques.', 2, '2023-09-10', NULL, 3, 63),
    (133, 'Tres beau rendu des couleurs.', 1, '2023-09-10', NULL, 3, 24),
    (134, 'Design innovant.', 2, '2023-09-10', NULL, 3, 24),
    (135, 'Abstrait, mais captivant.', 1, '2023-09-10', NULL, 3, 24),
    (136, 'Exploration des formes géométriques.', 2, '2023-09-10', NULL, 3, 68),
    (137, 'Tres beau rendu des couleurs.', 1, '2023-09-10', NULL, 3, 69),
    (138, 'Design innovant.', 2, '2023-09-10', NULL, 3, 70),
    (139, 'Abstrait, mais captivant.', 1, '2023-09-10', NULL, 3, 70),
    (140, 'Exploration des formes géométriques.', 2, '2023-09-10', NULL, 3, 71),
    (141, 'Exploration des formes géométriques.', 2, '2023-09-10', NULL, 3, 72),
    (142, 'Tres beau rendu des couleurs.', 1, '2023-09-10', NULL, 3, 73),
    (143, 'Design innovant.', 2, '2023-09-10', NULL, 3, 73),
    (144, 'Abstrait, mais captivant.', 1, '2023-09-10', NULL, 3, 78),
    (145, 'Exploration des formes géométriques.', 2, '2023-09-10', NULL, 3, 79),
    (146, 'Tres beau rendu des couleurs.', 1, '2023-09-10', NULL, 3, 80),
    (147, 'Design innovant.', 2, '2023-09-10', NULL, 3, 81),
    (148, 'Abstrait, mais captivant.', 1, '2023-09-10', NULL, 3, 82),
    (149, 'Exploration des formes géométriques.', 2, '2023-09-10', NULL, 3, 82),
    (150, 'Tres beau rendu des couleurs.', 1, '2023-09-10', NULL, 3, 83),
    (151, 'Design innovant.', 2, '2023-09-10', NULL, 3, 88),
    (152, 'Abstrait, mais captivant.', 1, '2023-09-10', NULL, 3, 89),
    (153, 'Exploration des formes géométriques.', 2, '2023-09-10', NULL, 3, 90),
    (154, 'Exploration des formes géométriques.', 2, '2023-09-10', NULL, 3, 91),
    (155, 'Tres beau rendu des couleurs.', 1, '2023-09-10', NULL, 3, 91),
    (156, 'Design innovant.', 2, '2023-09-10', NULL, 3, 92),
    (157, 'Abstrait, mais captivant.', 1, '2023-09-10', NULL, 3, 93),
    (158, 'Exploration des formes géométriques.', 2, '2023-09-10', NULL, 3, 98),
    (159, 'Tres beau rendu des couleurs.', 1, '2023-09-10', NULL, 3, 98),
    (160, 'Design innovant.', 2, '2023-09-10', NULL, 3, 98),
    (161, 'Abstrait, mais captivant.', 1, '2023-09-10', NULL, 3, 99),
    (162, 'Exploration des formes géométriques.', 2, '2023-09-10', NULL, 3, 100),
    (163, 'Tres beau rendu des couleurs.', 1, '2023-09-10', NULL, 3, 101),
    (164, 'Design innovant.', 2, '2023-09-10', NULL, 3, 102),
    (165, 'Abstrait, mais captivant.', 1, '2023-09-10', NULL, 3, 102),
    (166, 'Exploration des formes géométriques.', 2, '2023-09-10', NULL, 3, 103),
    (167, 'Design innovant.', 2, '2023-09-10', NULL, 3, 118),
    (168, 'Abstrait, mais captivant.', 1, '2023-09-10', NULL, 3, 119),
    (169, 'Exploration des formes géométriques.', 2, '2023-09-10', NULL, 3, 120),
    (170, 'Tres beau rendu des couleurs.', 1, '2023-09-10', NULL, 3, 121),
    (171, 'Design innovant.', 2, '2023-09-10', NULL, 3, 122),
    (172, 'Abstrait, mais captivant.', 1, '2023-09-10', NULL, 3, 123),
    (173, 'Exploration des formes géométriques.', 2, '2023-09-10', NULL, 3, 138),
    (174, 'Tres beau rendu des couleurs.', 1, '2023-09-10', NULL, 3, 139),
    (175, 'Design innovant.', 2, '2023-09-10', NULL, 3, 140),
    (176, 'Abstrait, mais captivant.', 1, '2023-09-10', NULL, 3, 140),
    (177, 'Exploration des formes géométriques.', 2, '2023-09-10', NULL, 3, 141),
    (178, 'Exploration des formes géométriques.', 2, '2023-09-10', NULL, 3, 142),
    (179, 'Tres beau rendu des couleurs.', 1, '2023-09-10', NULL, 3, 143),
    (180, 'Design innovant.', 2, '2023-12-23', NULL, 4, 18),
    (181, 'Abstrait, mais captivant.', 1, '2023-12-23', NULL, 4, 48),
    (182, 'Exploration des formes géométriques.', 2, '2023-12-23', NULL, 4, 49),
    (183, 'Tres beau rendu des couleurs.', 1, '2023-12-23', NULL, 4, 49),
    (184, 'Design innovant.', 2, '2023-12-23', NULL, 4, 50),
    (185, 'Abstrait, mais captivant.', 1, '2023-12-23', NULL, 4, 51),
    (186, 'Exploration des formes géométriques.', 2, '2023-12-23', NULL, 4, 52),
    (187, 'Design innovant.', 2, '2023-12-23', NULL, 4, 53),
    (188, 'Abstrait, mais captivant.', 1, '2023-12-23', NULL, 4, 24),
    (189, 'Exploration des formes géométriques.', 2, '2023-12-23', NULL, 4, 68),
    (190, 'Tres beau rendu des couleurs.', 1, '2023-12-23', NULL, 4, 68),
    (191, 'Design innovant.', 2, '2023-12-23', NULL, 4, 68),
    (192, 'Abstrait, mais captivant.', 1, '2023-12-23', NULL, 4, 69),
    (193, 'Exploration des formes géométriques.', 2, '2023-12-23', NULL, 4, 70),
    (194, 'Design innovant.', 2, '2023-12-23', NULL, 4, 71),
    (195, 'Abstrait, mais captivant.', 1, '2023-12-23', NULL, 4, 72),
    (196, 'Exploration des formes géométriques.', 2, '2023-12-23', NULL, 4, 72),
    (197, 'Tres beau rendu des couleurs.', 1, '2023-12-23', NULL, 4, 73),
    (198, 'Design innovant.', 2, '2023-12-23', NULL, 4, 78),
    (199, 'Abstrait, mais captivant.', 1, '2023-12-23', NULL, 4, 79),
    (200, 'Exploration des formes géométriques.', 2, '2023-12-23', NULL, 4, 80),
    (201, 'Design innovant.', 2, '2023-12-23', NULL, 4, 80),
    (202, 'Abstrait, mais captivant.', 1, '2023-12-23', NULL, 4, 81),
    (203, 'Exploration des formes géométriques.', 2, '2023-12-23', NULL, 4, 82),
    (204, 'Tres beau rendu des couleurs.', 1, '2023-12-23', NULL, 4, 83),
    (205, 'Design innovant.', 2, '2023-12-23', NULL, 4, 88),
    (206, 'Abstrait, mais captivant.', 1, '2023-12-23', NULL, 4, 88),
    (207, 'Exploration des formes géométriques.', 2, '2023-12-23', NULL, 4, 89),
    (208, 'Design innovant.', 2, '2023-12-23', NULL, 4, 90),
    (209, 'Abstrait, mais captivant.', 1, '2023-12-23', NULL, 4, 91),
    (210, 'Exploration des formes géométriques.', 2, '2023-12-23', NULL, 4, 92),
    (211, 'Tres beau rendu des couleurs.', 1, '2023-12-23', NULL, 4, 93),
    (212, 'Design innovant.', 2, '2023-12-23', NULL, 4, 93),
    (213, 'Abstrait, mais captivant.', 1, '2023-12-23', NULL, 4, 98),
    (214, 'Exploration des formes géométriques.', 2, '2023-12-23', NULL, 4, 99),
    (215, 'Design innovant.', 2, '2023-12-23', NULL, 4, 100),
    (216, 'Abstrait, mais captivant.', 1, '2023-12-23', NULL, 4, 100),
    (217, 'Exploration des formes géométriques.', 2, '2023-12-23', NULL, 4, 101),
    (218, 'Tres beau rendu des couleurs.', 1, '2023-12-23', NULL, 4, 101),
    (219, 'Design innovant.', 2, '2023-12-23', NULL, 4, 102),
    (220, 'Abstrait, mais captivant.', 1, '2023-12-23', NULL, 4, 103),
    (221, 'Design innovant.', 2, '2023-12-23', NULL, 4, 118),
    (222, 'Abstrait, mais captivant.', 1, '2023-12-23', NULL, 4, 118),
    (223, 'Exploration des formes géométriques.', 2, '2023-12-23', NULL, 4, 118),
    (224, 'Tres beau rendu des couleurs.', 1, '2023-12-23', NULL, 4, 119),
    (225, 'Design innovant.', 2, '2023-12-23', NULL, 4, 120),
    (226, 'Abstrait, mais captivant.', 1, '2023-12-23', NULL, 4, 121),
    (227, 'Exploration des formes géométriques.', 2, '2023-12-23', NULL, 4, 122),
    (228, 'Design innovant.', 2, '2023-12-23', NULL, 4, 123),
    (229, 'Abstrait, mais captivant.', 1, '2023-12-23', NULL, 4, 123),
    (230, 'Exploration des formes géométriques.', 2, '2024-04-15', NULL, 5, 18),
    (231, 'Tres beau rendu des couleurs.', 1, '2024-04-15', NULL, 5, 48),
    (232, 'Design innovant.', 2, '2024-04-15', NULL, 5, 49),
    (233, 'Abstrait, mais captivant.', 1, '2024-04-15', NULL, 5, 49),
    (234, 'Exploration des formes géométriques.', 2, '2024-04-15', NULL, 5, 50),
    (235, 'Design innovant.', 2, '2024-04-15', NULL, 5, 51),
    (236, 'Abstrait, mais captivant.', 1, '2024-04-15', NULL, 5, 52),
    (237, 'Exploration des formes géométriques.', 2, '2024-04-15', NULL, 5, 53),
    (238, 'Tres beau rendu des couleurs.', 1, '2024-04-15', NULL, 5, 21),
    (239, 'Design innovant.', 2, '2024-04-15', NULL, 5, 58),
    (240, 'Abstrait, mais captivant.', 1, '2024-04-15', NULL, 5, 59),
    (241, 'Exploration des formes géométriques.', 2, '2024-04-15', NULL, 5, 59),
    (242, 'Exploration des formes géométriques.', 2, '2024-04-15', NULL, 5, 60),
    (243, 'Tres beau rendu des couleurs.', 1, '2024-04-15', NULL, 5, 60),
    (244, 'Design innovant.', 2, '2024-04-15', NULL, 5, 61),
    (245, 'Abstrait, mais captivant.', 1, '2024-04-15', NULL, 5, 62),
    (246, 'Exploration des formes géométriques.', 2, '2024-04-15', NULL, 5, 62),
    (247, 'Design innovant.', 2, '2024-04-15', NULL, 5, 62),
    (248, 'Abstrait, mais captivant.', 1, '2024-04-15', NULL, 5, 63),
    (249, 'Exploration des formes géométriques.', 2, '2024-04-15', NULL, 5, 24),
    (250, 'Tres beau rendu des couleurs.', 1, '2024-04-15', NULL, 5, 68),
    (251, 'Design innovant.', 2, '2024-04-15', NULL, 5, 68),
    (252, 'Abstrait, mais captivant.', 1, '2024-04-15', NULL, 5, 69),
    (253, 'Exploration des formes géométriques.', 2, '2024-04-15', NULL, 5, 70),
    (254, 'Exploration des formes géométriques.', 2, '2024-04-15', NULL, 5, 71),
    (255, 'Tres beau rendu des couleurs.', 1, '2024-04-15', NULL, 5, 72),
    (256, 'Design innovant.', 2, '2024-04-15', NULL, 5, 73),
    (257, 'Abstrait, mais captivant.', 1, '2024-04-15', NULL, 5, 88),
    (258, 'Exploration des formes géométriques.', 2, '2024-04-15', NULL, 5, 89),
    (259, 'Design innovant.', 2, '2024-04-15', NULL, 5, 89),
    (260, 'Abstrait, mais captivant.', 1, '2024-04-15', NULL, 5, 90),
    (261, 'Exploration des formes géométriques.', 2, '2024-04-15', NULL, 5, 91),
    (262, 'Tres beau rendu des couleurs.', 1, '2024-04-15', NULL, 5, 91),
    (263, 'Design innovant.', 2, '2024-04-15', NULL, 5, 92),
    (264, 'Abstrait, mais captivant.', 1, '2024-04-15', NULL, 5, 93),
    (265, 'Exploration des formes géométriques.', 2, '2024-04-15', NULL, 5, 98),
    (266, 'Exploration des formes géométriques.', 2, '2024-04-15', NULL, 5, 99),
    (267, 'Tres beau rendu des couleurs.', 1, '2024-04-15', NULL, 5, 100),
    (268, 'Design innovant.', 2, '2024-04-15', NULL, 5, 101),
    (269, 'Abstrait, mais captivant.', 1, '2024-04-15', NULL, 5, 102),
    (270, 'Exploration des formes géométriques.', 2, '2024-04-15', NULL, 5, 102),
    (271, 'Design innovant.', 2, '2024-04-15', NULL, 5, 103),
    (272, 'Design innovant.', 2, '2024-04-15', NULL, 5, 108),
    (273, 'Abstrait, mais captivant.', 1, '2024-04-15', NULL, 5, 109),
    (274, 'Exploration des formes géométriques.', 2, '2024-04-15', NULL, 5, 110),
    (275, 'Exploration des formes géométriques.', 2, '2024-04-15', NULL, 5, 111),
    (276, 'Tres beau rendu des couleurs.', 1, '2024-04-15', NULL, 5, 111),
    (277, 'Design innovant.', 2, '2024-04-15', NULL, 5, 112),
    (278, 'Abstrait, mais captivant.', 1, '2024-04-15', NULL, 5, 113),
    (279, 'Exploration des formes géométriques.', 2, '2024-04-15', NULL, 5, 118),
    (280, 'Design innovant.', 2, '2024-04-15', NULL, 5, 119),
    (281, 'Abstrait, mais captivant.', 1, '2024-04-15', NULL, 5, 120),
    (282, 'Exploration des formes géométriques.', 2, '2024-04-15', NULL, 5, 120),
    (283, 'Tres beau rendu des couleurs.', 1, '2024-04-15', NULL, 5, 121),
    (284, 'Design innovant.', 2, '2024-04-15', NULL, 5, 122),
    (285, 'Abstrait, mais captivant.', 1, '2024-04-15', NULL, 5, 123),
    (286, 'Exploration des formes géométriques.', 2, '2024-04-15', NULL, 5, 138),
    (287, 'Exploration des formes géométriques.', 2, '2024-04-15', NULL, 5, 139),
    (288, 'Tres beau rendu des couleurs.', 1, '2024-04-15', NULL, 5, 140),
    (289, 'Design innovant.', 2, '2024-04-15', NULL, 5, 140),
    (290, 'Abstrait, mais captivant.', 1, '2024-04-15', NULL, 5, 141),
    (291, 'Exploration des formes géométriques.', 2, '2024-04-15', NULL, 5, 142),
    (292, 'Design innovant.', 2, '2024-04-15', NULL, 5, 142),
    (293, 'Abstrait, mais captivant.', 1, '2024-04-15', NULL, 5, 142),
    (294, 'Exploration des formes géométriques.', 2, '2024-04-15', NULL, 5, 143),
    (295, 'Tres beau rendu des couleurs.', 1, '2024-07-18', NULL, 6, 18),
    (296, 'Design innovant.', 2, '2024-07-17', NULL, 6, 48),
    (297, 'Abstrait, mais captivant.', 1, '2024-07-17', NULL, 6, 49),
    (298, 'Exploration des formes géométriques.', 2, '2024-07-17', NULL, 6, 49),
    (299, 'Tres beau rendu des couleurs.', 1, '2024-07-17', NULL, 6, 50),
    (300, 'Design innovant.', 2, '2024-07-17', NULL, 6, 51),
    (301, 'Abstrait, mais captivant.', 1, '2024-07-17', NULL, 6, 52),
    (302, 'Exploration des formes géométriques.', 2, '2024-07-17', NULL, 6, 52),
    (303, 'Tres beau rendu des couleurs.', 1, '2024-07-17', NULL, 6, 53),
    (304, 'Design innovant.', 2, '2024-07-17', NULL, 6, 21),
    (305, 'Abstrait, mais captivant.', 1, '2024-07-17', NULL, 6, 21),
    (306, 'Exploration des formes géométriques.', 2, '2024-07-17', NULL, 6, 58),
    (307, 'Tres beau rendu des couleurs.', 1, '2024-07-17', NULL, 6, 59),
    (308, 'Design innovant.', 2, '2024-07-17', NULL, 6, 60),
    (309, 'Abstrait, mais captivant.', 1, '2024-07-17', NULL, 6, 61),
    (310, 'Exploration des formes géométriques.', 2, '2024-07-17', NULL, 6, 61),
    (311, 'Tres beau rendu des couleurs.', 1, '2024-07-17', NULL, 6, 61),
    (312, 'Design innovant.', 2, '2024-07-17', NULL, 6, 62),
    (313, 'Abstrait, mais captivant.', 1, '2024-07-17', NULL, 6, 63),
    (314, 'Exploration des formes géométriques.', 2, '2024-07-17', NULL, 6, 78),
    (315, 'Tres beau rendu des couleurs.', 1, '2024-07-17', NULL, 6, 79),
    (316, 'Design innovant.', 2, '2024-07-17', NULL, 6, 80),
    (317, 'Abstrait, mais captivant.', 1, '2024-07-17', NULL, 6, 81),
    (318, 'Exploration des formes géométriques.', 2, '2024-07-17', NULL, 6, 82),
    (319, 'Tres beau rendu des couleurs.', 1, '2024-07-17', NULL, 6, 83),
    (320, 'Abstrait, mais captivant.', 1, '2024-07-17', NULL, 6, 98),
    (321, 'Exploration des formes géométriques.', 2, '2024-07-17', NULL, 6, 98),
    (322, 'Tres beau rendu des couleurs.', 1, '2024-07-17', NULL, 6, 99),
    (323, 'Design innovant.', 2, '2024-07-17', NULL, 6, 100),
    (324, 'Abstrait, mais captivant.', 1, '2024-07-17', NULL, 6, 101),
    (325, 'Exploration des formes géométriques.', 2, '2024-07-17', NULL, 6, 102),
    (326, 'Tres beau rendu des couleurs.', 1, '2024-07-17', NULL, 6, 103),
    (327, 'Exploration des formes géométriques.', 2, '2024-07-17', NULL, 6, 108),
    (328, 'Tres beau rendu des couleurs.', 1, '2024-07-17', NULL, 6, 108),
    (329, 'Design innovant.', 2, '2024-07-17', NULL, 6, 109),
    (330, 'Abstrait, mais captivant.', 1, '2024-07-17', NULL, 6, 110),
    (331, 'Exploration des formes géométriques.', 2, '2024-07-17', NULL, 6, 110),
    (332, 'Tres beau rendu des couleurs.', 1, '2024-07-17', NULL, 6, 111),
    (333, 'Design innovant.', 2, '2024-07-17', NULL, 6, 111),
    (334, 'Abstrait, mais captivant.', 1, '2024-07-17', NULL, 6, 111),
    (335, 'Exploration des formes géométriques.', 2, '2024-07-17', NULL, 6, 112),
    (336, 'Tres beau rendu des couleurs.', 1, '2024-07-17', NULL, 6, 113),
    (337, 'Design innovant.', 2, '2024-07-17', NULL, 6, 138),
    (338, 'Abstrait, mais captivant.', 1, '2024-07-17', NULL, 6, 138),
    (339, 'Exploration des formes géométriques.', 2, '2024-07-17', NULL, 6, 139),
    (340, 'Tres beau rendu des couleurs.', 1, '2024-07-17', NULL, 6, 140),
    (341, 'Design innovant.', 2, '2024-07-17', NULL, 6, 141),
    (342, 'Abstrait, mais captivant.', 1, '2024-07-17', NULL, 6, 142),
    (343, 'Exploration des formes géométriques.', 2, '2024-07-17', NULL, 6, 143),
    (344, 'commentaire dessin', 1 , '2024-09-26', NULL, 7, 18  ),
    (345, 'commentaire dessin', 2 , '2024-09-26', NULL, 7, 48  ),
    (346, 'commentaire dessin', 3 , '2024-09-26', NULL, 7, 49  ),
    (347, 'commentaire dessin', 4 , '2024-09-26', NULL, 7, 50  ),
    (348, 'commentaire dessin', 5 , '2024-09-26', NULL, 7, 51  ),
    (349, 'commentaire dessin', 6 , '2024-09-26', NULL, 7, 52 ),
    (350, 'commentaire dessin', 7 , '2024-09-26', NULL, 7, 53  ),
    (351, 'commentaire dessin', 8 , '2024-09-26', NULL, 7, 21  ),
    (352, 'commentaire dessin', 9 , '2024-09-26', NULL, 7, 58  ),
    (353, 'commentaire dessin', 10, '2024-09-26', NULL, 7, 59 ),
    (354, 'commentaire dessin', 11, '2024-09-26', NULL, 7, 60 ),
    (355, 'commentaire dessin', 12, '2024-09-26', NULL, 7, 61 ),
    (356, 'commentaire dessin', 13, '2024-09-26', NULL, 7, 62 ),
    (357, 'commentaire dessin', 14, '2024-09-26', NULL, 7, 63 ),
    (358, 'commentaire dessin', 15, '2024-09-26', NULL, 7, 24 ),
    (359, 'commentaire dessin', 16, '2024-09-26', NULL, 7, 68 ),
    (360, 'commentaire dessin', 17, '2024-09-26', NULL, 7, 69 ),
    (361, 'commentaire dessin', 18, '2024-09-26', NULL, 7, 70 ),
    (362, 'commentaire dessin', 19, '2024-09-26', NULL, 7, 71 ),
    (363, 'commentaire dessin', 20, '2024-09-26', NULL, 7, 72 ),
    (364, 'commentaire dessin', 21, '2024-09-26', NULL, 7, 73 ),
    (365, 'commentaire dessin', 22, '2024-09-26', NULL, 7, 78 ),
    (366, 'commentaire dessin', 23, '2024-09-26', NULL, 7, 79 ),
    (367, 'commentaire dessin', 24, '2024-09-26', NULL, 7, 80 ),
    (368, 'commentaire dessin', 25, '2024-09-26', NULL, 7, 81 ),
    (369, 'commentaire dessin', 26, '2024-09-26', NULL, 7, 82 ),
    (370, 'commentaire dessin', 27, '2024-09-26', NULL, 7, 83 ),
    (371, 'commentaire dessin', 28, '2024-09-26', NULL, 7, 118 ),
    (372, 'commentaire dessin', 29, '2024-09-26', NULL, 7, 119 ),
    (373, 'commentaire dessin', 30, '2024-09-26', NULL, 7, 120 ),
    (374, 'commentaire dessin', 31, '2024-09-26', NULL, 7, 121 ),
    (375, 'commentaire dessin', 32, '2024-09-26', NULL, 7, 122),
    (376, 'commentaire dessin', 33, '2024-09-26', NULL, 7, 123 ),
    (377, 'commentaire dessin', 34, '2024-09-26', NULL, 7, 128 ),
    (378, 'commentaire dessin', 35, '2024-09-26', NULL, 7, 129 ),
    (379, 'commentaire dessin', 36, '2024-09-26', NULL, 7, 130 ),
    (380, 'commentaire dessin', 37, '2024-09-26', NULL, 7, 131 ),
    (381, 'commentaire dessin', 38, '2024-09-26', NULL, 7, 132 ),
    (382, 'commentaire dessin', 39, '2024-09-26', NULL, 7, 133 ),
    (383, 'commentaire dessin', 40, '2024-09-26', NULL, 7, 138 ),
    (384, 'commentaire dessin', 41, '2024-09-26', NULL, 7, 139),
    (385, 'commentaire dessin', 42, '2024-09-26', NULL, 7, 140 ),
    (386, 'commentaire dessin', 43, '2024-09-26', NULL, 7, 141 ),
    (387, 'commentaire dessin', 44, '2024-09-26', NULL, 7, 142 ),
    (388, 'commentaire dessin', 45, '2024-09-26', NULL, 7, 143 ),
    (389, 'commentaire dessin', 46, '2024-09-26', NULL, 7, 68 ),
    (390, 'commentaire dessin', 47, '2024-09-26', NULL, 7, 69 ),
    (391, 'commentaire dessin', 48, '2024-09-26', NULL, 7, 69 ),
    (392, 'commentaire dessin', 49, '2024-09-26', NULL, 7, 80 ),
    (393, 'commentaire dessin', 50, '2024-09-26', NULL, 7, 83 ),
    (394, 'commentaire dessin', 9, '2024-12-23', NULL, 8, 58),
    (395, 'commentaire dessin', 10, '2024-12-24', NULL, 8, 59),
    (396, 'commentaire dessin', 11, '2024-12-25', NULL, 8, 60),
    (397, 'commentaire dessin', 12, '2024-12-15', NULL, 8, 61),
    (398, 'commentaire dessin', 13, '2024-12-16', NULL, 8, 62),
    (399, 'commentaire dessin', 14, '2024-12-17', NULL, 8, 63),
    (400, 'commentaire dessin', 15, '2024-12-18', NULL, 8, 78),
    (401, 'commentaire dessin', 16, '2024-12-19', NULL, 8, 79),
    (402, 'commentaire dessin', 17, '2024-12-20', NULL, 8, 80),
    (403, 'commentaire dessin', 18, '2024-12-21', NULL, 8, 81),
    (404, 'commentaire dessin', 19, '2024-12-22', NULL, 8, 82),
    (405, 'commentaire dessin', 20, '2024-12-23', NULL, 8, 83),
    (406, 'commentaire dessin', 21, '2024-12-24', NULL, 8, 88),
    (407, 'commentaire dessin', 22, '2024-12-25', NULL, 8, 89),
    (408, 'commentaire dessin', 23, '2024-12-15', NULL, 8, 90),
    (409, 'commentaire dessin', 24, '2024-12-16', NULL, 8, 91),
    (410, 'commentaire dessin', 25, '2024-12-17', NULL, 8, 92),
    (411, 'commentaire dessin', 26, '2024-12-18', NULL, 8, 93),
    (412, 'commentaire dessin', 27, '2024-12-19', NULL, 8, 98),
    (413, 'commentaire dessin', 28, '2024-12-20', NULL, 8, 99),
    (414, 'commentaire dessin', 29, '2024-12-21', NULL, 8, 100),
    (415, 'commentaire dessin', 30, '2024-12-22', NULL, 8, 101),
    (416, 'commentaire dessin', 31, '2024-12-23', NULL, 8, 102),
    (417, 'commentaire dessin', 32, '2024-12-24', NULL, 8, 103),
    (418, 'commentaire dessin', 34, '2024-12-15', NULL, 8, 118),
    (419, 'commentaire dessin', 35, '2024-12-16', NULL, 8, 119),
    (420, 'commentaire dessin', 36, '2024-12-17', NULL, 8, 120),
    (421, 'commentaire dessin', 37, '2024-12-18', NULL, 8, 121),
    (422, 'commentaire dessin', 38, '2024-12-19', NULL, 8, 122),
    (423, 'commentaire dessin', 39, '2024-12-20', NULL, 8, 123),
    (424, 'commentaire dessin', 40, '2024-12-21', NULL, 8, 138),
    (425, 'commentaire dessin', 41, '2024-12-22', NULL, 8, 139),
    (426, 'commentaire dessin', 42, '2024-12-23', NULL, 8, 140),
    (427, 'commentaire dessin', 43, '2024-12-24', NULL, 8, 141),
    (428, 'commentaire dessin', 44, '2024-12-25', NULL, 8, 142),
    (429, 'commentaire dessin', 45, '2024-12-15', NULL, 8, 143),
    (430, 'commentaire dessin', 46, '2024-12-16', NULL, 8, 18),
    (431, 'commentaire dessin', 47, '2024-12-17', NULL, 8, 48),
    (432, 'commentaire dessin', 48, '2024-12-18', NULL, 8, 49),
    (433, 'commentaire dessin', 49, '2024-12-19', NULL, 8, 50),
    (434, 'commentaire dessin', 50, '2024-12-20', NULL, 8, 51),
    (435, 'commentaire dessin', 1, '2025-01-19', NULL, 9, 18),
    (436, 'commentaire dessin', 2, '2025-01-19', NULL, 9, 48),
    (437, 'commentaire dessin', 3, '2025-01-19', NULL, 9, 49),
    (438, 'commentaire dessin', 4, '2025-01-19', NULL, 9, 50),
    (439, 'commentaire dessin', 5, '2025-01-19', NULL, 9, 51),
    (440, 'commentaire dessin', 6, '2025-01-19', NULL, 9, 52),
    (441, 'commentaire dessin', 7, '2025-01-19', NULL, 9, 53),
    (442, 'commentaire dessin', 8, '2025-01-19', NULL, 9, 24),
    (443, 'commentaire dessin', 9, '2025-01-19', NULL, 9, 68),
    (444, 'commentaire dessin', 10, '2025-01-14', NULL, 9, 69),
    (445, 'commentaire dessin', 11, '2025-01-14', NULL, 9, 70),
    (446, 'commentaire dessin', 12, '2025-01-14', NULL, 9, 71),
    (447, 'commentaire dessin', 13, '2025-01-14', NULL, 9, 72),
    (448, 'commentaire dessin', 14, '2025-01-14', NULL, 9, 73),
    (449, 'commentaire dessin', 15, '2025-01-14', NULL, 9, 78),
    (450, 'commentaire dessin', 16, '2025-01-14', NULL, 9, 79),
    (451, 'commentaire dessin', 17, '2025-01-14', NULL, 9, 80),
    (452, 'commentaire dessin', 18, '2025-01-14', NULL, 9, 81),
    (453, 'commentaire dessin', 19, '2025-01-14', NULL, 9, 82),
    (454, 'commentaire dessin', 20, '2025-01-14', NULL, 9, 83),
    (455, 'commentaire dessin', 21, '2025-01-14', NULL, 9, 88),
    (456, 'commentaire dessin', 22, '2025-01-14', NULL, 9, 89),
    (457, 'commentaire dessin', 23, '2025-01-14', NULL, 9, 90),
    (458, 'commentaire dessin', 24, '2025-01-14', NULL, 9, 91),
    (459, 'commentaire dessin', 25, '2025-01-14', NULL, 9, 92),
    (461, 'commentaire dessin', 26, '2025-01-14', NULL, 9, 93),
    (462, 'commentaire dessin', 27, '2025-01-14', NULL, 9, 98),
    (463, 'commentaire dessin', 28, '2025-01-14', NULL, 9, 99),
    (464, 'commentaire dessin', 29, '2025-01-14', NULL, 9, 100),
    (465, 'commentaire dessin', 30, '2025-01-14', NULL, 9, 101),
    (466, 'commentaire dessin', 31, '2025-01-14', NULL, 9, 102),
    (467, 'commentaire dessin', 32, '2025-01-14', NULL, 9, 103),
    (468, 'commentaire dessin', 34, '2025-01-14', NULL, 9, 118),
    (469, 'commentaire dessin', 35, '2025-01-14', NULL, 9, 119),
    (470, 'commentaire dessin', 36, '2025-01-14', NULL, 9, 120),
    (471, 'commentaire dessin', 37, '2025-01-14', NULL, 9, 121),
    (472, 'commentaire dessin', 38, '2025-01-14', NULL, 9, 122),
    (473, 'commentaire dessin', 39, '2025-01-14', NULL, 9, 123),
    (474, 'commentaire dessin', 40, '2025-01-14', NULL, 9, 18),
    (475, 'commentaire dessin', 41, '2025-01-14', NULL, 9, 48),
    (476, 'commentaire dessin', 42, '2025-01-14', NULL, 9, 49),
    (478, 'commentaire dessin', 43, '2025-01-14', NULL, 9, 50),
    (479, 'commentaire dessin', 44, '2025-01-14', NULL, 9, 51),
    (480, 'commentaire dessin', 45, '2025-01-14', NULL, 9, 52),
    (481, 'commentaire dessin', 46, '2025-01-14', NULL, 9, 53),
    (482, 'commentaire dessin', 47, '2025-01-14', NULL, 9, 24),
    (483, 'commentaire dessin', 48, '2025-01-14', NULL, 9, 68),
    (484, 'commentaire dessin', 49, '2025-01-14', NULL, 9, 69),
    (485, 'commentaire dessin', 50, '2025-01-14', NULL, 9, 70),
    (486, 'commentaire dessin', 9, '2024-12-23', NULL, 8, 21),
    (487, 'commentaire dessin', 49, '2024-12-19', NULL, 8, 52),
    (488, 'commentaire dessin', 50, '2024-12-20', NULL, 8, 53);


-- Table Evaluateur (Assurer qu'il y a 3 évaluateurs par concours)
INSERT INTO Evaluateur (numEvaluateur, specialite)
VALUES
    (18, 'Portraits'),
    (19, 'Surréaliste'),
    (20, 'Pop Art'),
    (21, 'Nature'),
    (22, 'Surréaliste'),
    (23, 'Minimalisme'),
    (24, 'Nature'),
    (25, 'Graphisme'),
    (26, 'Pop Art'),
    (27, 'Abstrait'),
    (28, 'Graphisme'),
    (29, 'Minimalisme'),
    (30, 'Portraits'),
    (31, 'Surréaliste'),
    (32, 'Abstrait'),
    (33, 'Graphisme'),
    (34, 'Nature'),
    (35, 'Minimalisme'),
    (36, 'Portraits'),
    (37, 'Pop Art'),
    (38, 'Abstrait'),
    (39, 'Graphisme'),
    (40, 'Nature'),
    (41, 'Pop Art'),
    (42, 'Surréaliste'),
    (43, 'Minimalisme'),
    (44, 'Abstrait'),
    (45, 'Portraits'),
    (46, 'Surréaliste'),
    (47, 'Graphisme');
-- Table Evaluation (Deux évaluateurs pour chaque dessin)
INSERT INTO Evaluation (dateEvaluation, note, commentaire, numDessin, numEvaluateur)
VALUES
    ('2024-01-15', 9.5, 'Explosion de couleurs vibrantes.', 1, 42),
    ('2024-01-15', 8.0, 'Explosion de couleurs vibrantes.', 1, 47),
    ('2024-01-16', 8.5, 'Conception futuriste.', 2, 43),
    ('2024-01-16', 9.0, 'Conception futuriste.', 2, 46),
    ('2024-01-17', 8.5, 'Art abstrait, mais fascinant.', 3, 22),
    ('2024-01-17', 9.0, 'Art abstrait, mais fascinant.', 3, 25),
    ('2024-01-18', 7.5, 'Fusion des formes géométriques.', 4, 30),
    ('2024-01-18', 8.0, 'Fusion des formes géométriques.', 4, 33),
    ('2024-01-15', 9.0, 'Palette de couleurs éclatantes.', 5, 39),
    ('2024-01-15', 8.5, 'Palette de couleurs éclatantes.', 5, 44),
    ('2024-01-16', 8.0, 'Style avant-gardiste.', 6, 36),
    ('2024-01-16', 9.5, 'Style avant-gardiste.', 6, 41),
    ('2024-01-17', 9.0, 'Abstraction intrigante.', 7, 43),
    ('2024-01-17', 8.5, 'Abstraction intrigante.', 7, 42),
    ('2024-01-18', 7.0, 'Jeu de formes et d’espaces.', 8, 45),
    ('2024-01-18', 8.0, 'Jeu de formes et d’espaces.', 8, 39),



    ('2024-01-15', 9.0, 'Explosion chromatique intense.', 9, 32),
    ('2024-01-15', 8.5, 'Explosion chromatique intense.', 9, 40),
    ('2024-01-16', 8.5, 'Innovation dans chaque détail.', 10, 26),
    ('2024-01-16', 9.0, 'Innovation dans chaque détail.', 10, 45),
    ('2024-01-17', 8.5, 'Abstraction fascinante.', 11, 34),
    ('2024-01-17', 9.0, 'Abstraction fascinante.', 11, 37),
    ('2024-01-18', 7.5, 'Voyage dans l’univers géométrique.', 12, 26),
    ('2024-01-18', 8.0, 'Voyage dans l’univers géométrique.', 12, 33),
    ('2024-01-15', 8.0, 'Magnifique rendu des teintes.', 13, 35),
    ('2024-01-15', 8.5, 'Magnifique rendu des teintes.', 13, 37),
    ('2024-01-16', 9.0, 'Concept unique et moderne.', 14, 19),
    ('2024-01-16', 9.5, 'Concept unique et moderne.', 14, 20),
    ('2024-01-17', 8.5, 'Abstraction captivante.', 15, 40),
    ('2024-01-17', 9.0, 'Abstraction captivante.', 15, 46),
    ('2024-01-18', 7.5, 'Déconstruction des formes classiques.', 16, 34),
    ('2024-01-18', 8.0, 'Déconstruction des formes classiques.', 16, 39),
    ('2024-01-15', 9.0, 'Jeux de couleurs en mouvement.', 17, 28),
    ('2024-01-15', 8.5, 'Jeux de couleurs en mouvement.', 17, 47),



    ('2024-01-16', 8.5, 'Vision futuriste du design.', 18, 22),
    ('2024-01-16', 9.0, 'Vision futuriste du design.', 18, 43),
    ('2024-01-17', 8.0, 'Impression visuelle marquante.', 19, 28),
    ('2024-01-17', 8.5, 'Impression visuelle marquante.', 19, 35),
    ('2024-01-18', 7.5, 'Expérimentation géométrique audacieuse.', 20, 45),
    ('2024-01-18', 8.0, 'Expérimentation géométrique audacieuse.', 20, 46),
    ('2024-01-15', 9.5, 'Palette de nuances éclatantes.', 21, 36),
    ('2024-01-15', 9.0, 'Palette de nuances éclatantes.', 21, 42),
    ('2024-01-16 ', 8.5, 'Sculpture de formes abstraites.', 22, 41),
    ('2024-01-16 ', 9.0, 'Sculpture de formes abstraites.', 22, 20),
    ('2024-01-17 ', 8.0, 'Harmonie visuelle abstraite.', 23, 42),
    ('2024-01-17 ', 8.5, 'Harmonie visuelle abstraite.', 23, 19),
    ('2024-01-18 ', 7.5, 'Déformation créative des géométries.', 24, 23),
    ('2024-01-18 ', 8.0, 'Déformation créative des géométries.', 24, 41),
    ('2024-01-15 ', 8.0, 'Jeux de contrastes visuels.', 25, 37),
    ('2024-01-15 ', 8.5, 'Jeux de contrastes visuels.', 25, 39),
    ('2024-01-16 ', 7.5, 'Design audacieux et moderne.', 26, 28),
    ('2024-01-16 ', 8.0, 'Design audacieux et moderne.', 26, 33),
    ('2024-01-17 ', 9.0, 'Abstraction poignante.', 27, 41),
    ('2024-01-17 ', 9.5, 'Abstraction poignante.', 27, 30),



    ('2024-01-18 ', 7.0, 'Inspiration géométrique dans l’espace.', 28, 47),
    ('2024-01-18 ', 7.5, 'Inspiration géométrique dans l’espace.', 28, 42),
    ('2024-01-15', 8.0, 'Rendement intense des couleurs.', 29, 26),
    ('2024-01-15', 8.5, 'Rendement intense des couleurs.', 29, 42),
    ('2024-01-16', 9.0, 'Innovations dans les lignes et formes.', 30, 30),
    ('2024-01-16', 9.5, 'Innovations dans les lignes et formes.', 30, 36),
    ('2024-01-17', 8.5, 'Abstraction d’un monde parallèle.', 31, 33),
    ('2024-01-17', 9.0, 'Abstraction d’un monde parallèle.', 31, 30),
    ('2024-01-18', 7.5, 'Exploration géométrique extrême.', 32, 37),
    ('2024-01-18', 8.0, 'Exploration géométrique extrême.', 32, 47),
    ('2024-01-15', 9.5, 'Explosion de tonalités colorées.', 33, 19),
    ('2024-01-15', 9.0, 'Explosion de tonalités colorées.', 33, 33),
    ('2024-01-16', 8.5, 'Conception épurée et moderne.', 34, 36),
    ('2024-01-16', 9.0, 'Conception épurée et moderne.', 34, 30),
    ('2024-01-15', 9.5, 'Excellent.', 35, 40),
    ('2024-01-15', 8.0, 'Bien realise.', 35, 32),
    ('2024-01-16', 8.5, 'Tres bon effort.', 36, 45),
    ('2024-01-16', 9.0, 'Belle technique.', 36, 45),


    ('2024-01-15', 8.5, 'Harmonie parfaite.', 37, 19),
    ('2024-01-15', 9.0, 'Très bien exécuté.', 37, 39),
    ('2024-01-15', 9.0, 'Teintes vives.', 38, 41),
    ('2024-01-15', 8.5, 'Création inspirante.', 38, 28),
    ('2024-01-16', 8.5, 'Design solide.', 39, 27),
    ('2024-01-16', 9.0, 'Formes structurées.', 39, 36),
    ('2024-01-17', 9.5, 'Formes abstraites impressionnantes.', 40, 25),
    ('2024-01-17', 8.0, 'Abstraction fluide.', 40, 44),
    ('2024-01-18', 9.0, 'Création forte visuellement.', 41, 20),
    ('2024-01-18', 8.5, 'Innovant et dynamique.', 41, 42),
    ('2024-01-15', 9.0, 'Rendu chromatique impressionnant.', 42, 34),
    ('2024-01-15', 8.0, 'Palette chromatique maîtrisée.', 42, 29),
    ('2024-01-17', 8.5, 'Vision abstraite captivante.', 44, 37),
    ('2024-01-17', 9.0, 'Harmonie captivante.', 44, 26),
    ('2024-01-18', 9.0, 'Structure géométrique forte.', 45, 23),
    ('2024-01-18', 8.5, 'Excellente utilisation des formes.', 45, 38),
    ('2024-01-15', 9.0, 'Couleurs saisissantes.', 46, 40),
    ('2024-01-15', 8.5, 'Résonance esthétique.', 46, 43),


    ('2024-01-15', 8.5, 'Équilibre parfait des teintes.', 47, 39),
    ('2024-01-15', 9.0, 'Palette éclatante.', 47, 28),
    ('2024-01-15', 9.0, 'Design abstrait fluide.', 48, 19),
    ('2024-01-17', 9.0, 'Formes géométriques raffinées.', 48, 41),
    ('2024-01-17', 9.0, 'Équilibre et énergie visuelle.', 49, 34),
    ('2024-01-17', 8.5, 'Visuel abstrait saisissant.', 49, 44),
    ('2024-01-16', 8.0, 'Formes géométriques audacieuses.', 50, 40),
    ('2024-01-16', 8.5, 'Création géométrique captivante.', 50, 29),
    ('2024-01-18', 9.0, 'Couleurs vibrantes.', 51, 27),
    ('2024-01-18', 8.5, 'Design énergisant.', 51, 27),
    ('2024-01-15', 8.5, 'Création fluide.', 53, 46),
    ('2024-01-15', 9.0, 'Design abstrait fluide.', 53, 31),



    ('2024-01-17', 9.0, 'Formes géométriques raffinées.', 54, 47),
    ('2024-01-17', 8.5, 'Rendu géométrique impressionnant.', 54, 31),
    ('2024-01-16', 8.5, 'Design innovant.', 55, 44),
    ('2024-01-16', 9.0, 'Structure audacieuse.', 55, 26),
    ('2024-01-15', 9.0, 'Couleurs éclatantes et contrastées.', 56, 46),
    ('2024-01-15', 8.5, 'Palette de couleurs dynamique.', 56, 23),
    ('2024-01-18', 9.0, 'Visuel audacieux.', 57, 26),
    ('2024-01-18', 8.5, 'Exploration des formes abstraites.', 57, 46),
    ('2024-01-17', 8.5, 'Création frappante.', 58, 25),
    ('2024-01-17', 9.0, 'Abstraction saisissante.', 58, 34),
    ('2024-01-15', 9.0, 'Création abstraite saisissante.', 60, 25),
    ('2024-01-15', 8.5, 'Design visuel captivant.', 60, 22),



    ('2024-01-16', 8.5, 'Structure géométrique captivante.', 61, 37),
    ('2024-01-16', 9.0, 'Création dynamique.', 61, 34),
    ('2024-01-17', 9.0, 'Couleurs et formes audacieuses.', 62, 46),
    ('2024-01-17', 8.5, 'Formes géométriques audacieuses.', 62, 29),
    ('2024-01-18', 8.5, 'Couleurs éclatantes.', 63, 39),
    ('2024-01-18', 9.0, 'Fusion parfaite des formes et couleurs.', 63, 42),
    ('2024-01-15', 9.5, 'Tres beau rendu des couleurs.', 64, 41),
    ('2024-01-15', 8.0, 'Design innovant.', 64, 28),
    ('2024-01-16', 8.5, 'Design innovant.', 65, 45),
    ('2024-01-16', 9.0, 'Tres beau rendu des couleurs.', 65, 27),
    ('2024-01-17', 9.0, 'Abstrait, mais captivant.', 66, 46),
    ('2024-01-17', 8.5, 'Exploration des formes géométriques.', 66, 44),
    ('2024-01-18', 8.5, 'Exploration des formes géométriques.', 67, 45),
    ('2024-01-18', 9.0, 'Abstrait, mais captivant.', 67, 23),
    ('2024-01-15', 9.0, 'Tres beau rendu des couleurs.', 68, 38),
    ('2024-01-15', 8.5, 'Design innovant.', 68, 39),
    ('2024-01-16', 9.0, 'Design innovant.', 69, 31),
    ('2024-01-16', 8.5, 'Abstrait, mais captivant.', 69, 32),


    ('2024-01-17', 9.0, 'Tres beau rendu des couleurs.', 70, 31),
    ('2024-01-17', 8.5, 'Exploration des formes géométriques.', 70, 46),
    ('2024-01-18', 8.5, 'Exploration des formes géométriques.', 71, 33),
    ('2024-01-18', 9.0, 'Abstrait, mais captivant.', 71, 25),
    ('2024-01-15', 9.0, 'Tres beau rendu des couleurs.', 72, 19),
    ('2024-01-15', 8.5, 'Design innovant.', 72, 26),
    ('2024-01-16', 9.0, 'Design innovant.', 73, 33),
    ('2024-01-16', 8.5, 'Abstrait, mais captivant.', 73, 20),
    ('2024-01-17', 9.0, 'Tres beau rendu des couleurs.', 74, 26),
    ('2024-01-17', 8.5, 'Exploration des formes géométriques.', 74, 33),
    ('2024-01-18', 8.5, 'Exploration des formes géométriques.', 75, 36),
    ('2024-01-18', 9.0, 'Abstrait, mais captivant.', 75, 40),
    ('2024-01-15', 9.0, 'Tres beau rendu des couleurs.', 76, 43),
    ('2024-01-15', 8.5, 'Design innovant.', 76, 20),
    ('2024-01-16', 9.0, 'Design innovant.', 77, 38),
    ('2024-01-16', 8.5, 'Abstrait, mais captivant.', 77, 27),
    ('2024-01-17', 9.0, 'Tres beau rendu des couleurs.', 78, 26),
    ('2024-01-17', 8.5, 'Exploration des formes géométriques.', 78, 43),
    ('2024-01-18', 8.5, 'Exploration des formes géométriques.', 79, 32),
    ('2024-01-18', 9.0, 'Abstrait, mais captivant.', 79, 40),



    ('2024-01-15', 9.0, 'Tres beau rendu des couleurs.', 80, 37),
    ('2024-01-15', 8.5, 'Design innovant.', 80, 46),
    ('2024-01-16', 9.0, 'Design innovant.', 81, 40),
    ('2024-01-16', 8.5, 'Abstrait, mais captivant.', 81, 33),
    ('2024-01-17', 9.0, 'Tres beau rendu des couleurs.', 82, 26),
    ('2024-01-17', 8.5, 'Exploration des formes géométriques.', 82, 29),
    ('2024-01-18', 8.5, 'Exploration des formes géométriques.', 83, 31),
    ('2024-01-18', 9.0, 'Abstrait, mais captivant.', 83, 34),
    ('2024-01-15', 9.0, 'Tres beau rendu des couleurs.', 84, 47),
    ('2024-01-15', 8.5, 'Design innovant.', 84, 43),
    ('2024-01-16', 9.0, 'Design innovant.', 85, 43),
    ('2024-01-16', 8.5, 'Abstrait, mais captivant.', 85, 25),
    ('2024-01-17', 9.0, 'Tres beau rendu des couleurs.', 86, 33),
    ('2024-01-17', 8.5, 'Exploration des formes géométriques.', 86, 31),
    ('2024-01-18', 8.5, 'Exploration des formes géométriques.', 87, 37),
    ('2024-01-18', 9.0, 'Abstrait, mais captivant.', 87, 34),
    ('2024-01-15', 9.0, 'Tres beau rendu des couleurs.', 88, 47),
    ('2024-01-15', 8.5, 'Design innovant.', 88, 29),
    ('2024-01-16', 9.0, 'Design innovant.', 89, 44),
    ('2024-01-16', 8.5, 'Abstrait, mais captivant.', 89, 33),
    ('2024-01-17', 9.0, 'Tres beau rendu des couleurs.', 90, 29),
    ('2024-01-17', 8.5, 'Exploration des formes géométriques.', 90, 32),


    ('2024-01-18', 8.5, 'Exploration des formes géométriques.', 91, 35),
    ('2024-01-18', 9.0, 'Abstrait, mais captivant.', 91, 39),
    ('2024-01-15', 9.5, 'Tres beau rendu des couleurs.', 92, 36),
    ('2024-01-15', 8.0, 'Tres beau rendu des couleurs.', 92, 20),
    ('2024-01-16', 8.5, 'Design innovant.', 93, 35),
    ('2024-01-16', 9.0, 'Design innovant.', 93, 42),
    ('2024-01-17', 9.0, 'Abstrait, mais captivant.', 94, 22),
    ('2024-01-17', 8.5, 'Abstrait, mais captivant.', 94, 32),
    ('2024-01-18', 8.0, 'Exploration des formes géométriques.', 95, 31),
    ('2024-01-18', 8.5, 'Exploration des formes géométriques.', 95, 33),
    ('2024-01-15', 9.5, 'Tres beau rendu des couleurs.', 96, 39),
    ('2024-01-15', 8.0, 'Tres beau rendu des couleurs.', 96, 33),
    ('2024-01-16', 8.5, 'Design innovant.', 97, 23),
    ('2024-01-16', 9.0, 'Design innovant.', 97, 41),
    ('2024-01-17', 9.0, 'Abstrait, mais captivant.', 98, 34),
    ('2024-01-17', 8.5, 'Abstrait, mais captivant.', 98, 46),



    ('2024-01-18', 8.0, 'Exploration des formes géométriques.', 99, 22),
    ('2024-01-18', 8.5, 'Exploration des formes géométriques.', 99, 47),
    ('2024-01-15', 9.5, 'Tres beau rendu des couleurs.', 100, 19),
    ('2024-01-15', 8.0, 'Tres beau rendu des couleurs.', 100, 22),
    ('2024-01-16', 8.5, 'Design innovant.', 101, 39),
    ('2024-01-16', 9.0, 'Design innovant.', 101, 45),
    ('2024-01-17', 9.0, 'Abstrait, mais captivant.', 102, 32),
    ('2024-01-17', 8.5, 'Abstrait, mais captivant.', 102, 22),
    ('2024-01-18', 8.0, 'Exploration des formes géométriques.', 103, 41),
    ('2024-01-18', 8.5, 'Exploration des formes géométriques.', 103, 40),
    ('2024-01-15', 9.5, 'Tres beau rendu des couleurs.', 104, 20),
    ('2024-01-15', 8.0, 'Tres beau rendu des couleurs.', 104, 35),
    ('2024-01-16', 8.5, 'Design innovant.', 105, 30),
    ('2024-01-16', 9.0, 'Design innovant.', 105, 39),
    ('2024-01-17', 9.0, 'Abstrait, mais captivant.', 106, 28),
    ('2024-01-17', 8.5, 'Abstrait, mais captivant.', 106, 31),



    ('2024-01-18', 8.0, 'Exploration des formes géométriques.', 107, 46),
    ('2024-01-18', 8.5, 'Exploration des formes géométriques.', 107, 46),
    ('2024-01-15', 9.5, 'Excellent.', 108, 44),
    ('2024-01-15', 8.0, 'Bien réalisé.', 108, 44),
    ('2024-01-16', 8.5, 'Très bon effort.', 109, 43),
    ('2024-01-16', 9.0, 'Belle technique.', 109, 20),
    ('2024-01-15', 9.0, 'Très beau rendu des couleurs.', 110, 22),
    ('2024-01-15', 8.5, 'Bonne maîtrise des couleurs.', 110, 30),
    ('2024-01-16', 8.0, 'Design innovant.', 111, 27),
    ('2024-01-16', 8.5, 'Concept original.', 111, 29),
    ('2024-01-17', 9.0, 'Abstrait, mais captivant.', 112, 37),
    ('2024-01-17', 8.5, 'Bon choix de couleurs.', 112, 25),
    ('2024-01-18', 8.0, 'Exploration des formes géométriques.', 113, 29),
    ('2024-01-18', 8.5, 'Bonne composition.', 113, 25),
    ('2024-01-15', 9.0, 'Très beau rendu des couleurs.', 114, 19),
    ('2024-01-15', 8.5, 'Harmonieux et coloré.', 114, 47),
    ('2024-01-16', 8.0, 'Design innovant.', 115, 27),
    ('2024-01-16', 8.5, 'Originalité dans la forme.', 115, 23),



    ('2024-01-17', 9.0, 'Abstrait, mais captivant.', 116, 31),
    ('2024-01-17', 8.5, 'Bonne utilisation de l’espace.', 116, 32),
    ('2024-01-18', 8.0, 'Exploration des formes géométriques.', 117, 33),
    ('2024-01-18', 8.5, 'Beau travail sur les angles.', 117, 19),
    ('2024-01-18', 8.0, 'Exploration des formes géométriques.', 118, 28),
    ('2024-01-18', 8.5, 'Harmonie des formes.', 118, 29),
    ('2024-01-15', 9.0, 'Très beau rendu des couleurs.', 119, 42),
    ('2024-01-15', 8.5, 'Superbe palette.', 119, 31),
    ('2024-01-16', 8.0, 'Design innovant.', 120, 34),
    ('2024-01-16', 8.5, 'Très original.', 120, 30),
    ('2024-01-17', 9.0, 'Abstrait, mais captivant.', 121, 43),
    ('2024-01-17', 8.5, 'Très intéressant.', 121, 19),
    ('2024-01-18', 8.0, 'Exploration des formes géométriques.', 122, 34),
    ('2024-01-18', 8.5, 'Bonne recherche graphique.', 122, 33),



    ('2024-01-15', 9.5, 'Excellent.', 123, 27),
    ('2024-01-15', 8.0, 'Bien realise.', 123, 29),
    ('2024-01-16', 8.5, 'Tres bon effort.', 124, 31),
    ('2024-01-16', 9.0, 'Belle technique.', 124, 26),
    ('2024-01-17', 8.0, 'Bon design.', 125, 34),
    ('2024-01-17', 8.5, 'Créatif.', 125, 30),
    ('2024-01-18', 9.0, 'Bon travail sur les formes.', 126, 35),
    ('2024-01-18', 8.5, 'Design intéressant.', 126, 19),
    ('2024-01-15', 9.5, 'Exploration réussie.', 127, 28),
    ('2024-01-15', 8.0, 'Concept solide.', 127, 32),
    ('2024-01-16', 9.0, 'Coloration brillante.', 128, 33),
    ('2024-01-16', 8.5, 'Excellente présentation.', 128, 36),
    ('2024-01-17', 9.5, 'Très captivant.', 129, 25),
    ('2024-01-17', 8.0, 'Belle approche.', 129, 34),
    ('2024-01-18', 8.5, 'Concept géométrique intéressant.', 130, 26),
    ('2024-01-18', 9.0, 'Travail propre.', 130, 29),
    ('2024-01-17', 8.0, 'Bon design.', 131, 18),
    ('2024-01-17', 8.5, 'Créatif.', 131, 20),
    ('2024-01-15', 9.5, 'Rendu magnifique.', 132, 35),
    ('2024-01-15', 8.5, 'Très coloré.', 132, 30),



    ('2024-01-16', 9.0, 'Design élégant.', 133, 45),
    ('2024-01-16', 8.0, 'Beau concept.', 133, 38),
    ('2024-01-17', 9.0, 'Effet abstrait saisissant.', 134, 43),
    ('2024-01-17', 8.5, 'Créatif et original.', 134, 30),
    ('2024-01-18', 8.0, 'Joli mais perfectible.', 135, 44),
    ('2024-01-18', 9.0, 'Bonne utilisation des formes.', 135, 27),
    ('2024-01-15', 9.5, 'Excellent.', 136, 47),
    ('2024-01-15', 8.0, 'Bien realise.', 136, 40),
    ('2024-01-16', 8.5, 'Tres bon effort.', 137, 33),
    ('2024-01-16', 9.0, 'Belle technique.', 137, 30),
    ('2024-01-15', 9.0, 'Super rendu des couleurs.', 138, 42),
    ('2024-01-15', 8.5, 'Bien realise.', 138, 46),
    ('2024-01-16', 8.0, 'Design innovant.', 139, 27),
    ('2024-01-16', 8.5, 'Tres bon effort.', 139, 38),
    ('2024-01-18', 9.5, 'Formes géométriques intéressantes.', 140, 45),
    ('2024-01-18', 9.0, 'Bonne exploration des formes.', 140, 44),
    ('2024-01-15', 8.5, 'Beau rendu des couleurs.', 141, 29),
    ('2024-01-15', 9.0, 'Tres réussi.', 141, 46),
    ('2024-01-16', 9.0, 'Design original.', 142, 27),
    ('2024-01-16', 8.5, 'Très innovant.', 142, 29),
    ('2024-01-17', 9.5, 'Concept captivant.', 143, 45),
    ('2024-01-17', 9.0, 'Très créatif.', 143, 30),



    ('2024-01-18', 9.0, 'Formes géométriques intéressantes.', 144, 43),
    ('2024-01-18', 8.5, 'Bien exploité.', 144, 46),
    ('2024-01-18', 9.0, 'Bon usage des formes.', 145, 35),
    ('2024-01-18', 9.0, 'Beau travail avec les formes.', 145, 40),
    ('2024-01-15', 9.5, 'Rendu magnifique.', 146, 38),
    ('2024-01-15', 9.0, 'Très bien fait.', 146, 42),
    ('2024-01-16', 9.0, 'Design intéressant.', 147, 33),
    ('2024-01-16', 9.5, 'Très créatif.', 147, 37),
    ('2024-01-17', 8.5, 'Bien fait.', 148, 31),
    ('2024-01-17', 9.0, 'Concept bien pensé.', 148, 47),
    ('2024-01-18', 8.0, 'Bon rendu géométrique.', 149, 36),
    ('2024-01-18', 8.5, 'Bien conçu.', 149, 44),
    ('2024-01-15', 9.0, 'Excellente utilisation des couleurs.', 150, 39),
    ('2024-01-15', 8.5, 'Très réussi.', 150, 34),



    ('2024-01-16', 9.5, 'Design bien réalisé.', 151, 43),
    ('2024-01-16', 9.0, 'Rendu innovant.', 151, 40),
    ('2024-01-17', 9.0, 'Concept créatif.', 152, 35),
    ('2024-01-17', 8.5, 'Intéressant.', 152, 46),
    ('2024-01-18', 9.5, 'Exploration des formes intéressante.', 153, 42),
    ('2024-01-18', 9.0, 'Bien fait.', 153, 37),
    ('2024-01-15', 9.0, 'Très bon rendu.', 154, 44),
    ('2024-01-15', 9.5, 'Rendu superbe.', 154, 45),
    ('2024-01-16', 8.5, 'Design bien fait.', 155, 39),
    ('2024-01-16', 9.0, 'Design très bien exécuté.', 155, 36),
    ('2024-01-17', 9.0, 'Bien réalisé.', 156, 47),
    ('2024-01-17', 8.5, 'Créatif.', 156, 38),
    ('2024-01-18', 8.5, 'Exploration géométrique intéressante.', 157, 41),
    ('2024-01-18', 9.0, 'Bien conçu.', 157, 33),



    ('2024-01-15', 9.5, 'Magnifique rendu des couleurs.', 158, 44),
    ('2024-01-15', 9.0, 'Superbe travail.', 158, 40),
    ('2024-01-15', 9.5, 'Excellent.', 158, 42),
    ('2024-01-15', 8.0, 'Bien realise.', 158, 39),
    ('2024-01-16', 8.5, 'Tres bon effort.', 159, 47),
    ('2024-01-16', 9.0, 'Belle technique.', 159, 45),
    ('2024-01-16', 8.5, 'Tres bon effort.', 160, 43),
    ('2024-01-16', 9.0, 'Belle technique.', 160, 38),
    ('2024-01-17', 9.5, 'Excellent.', 161, 46),
    ('2024-01-17', 8.0, 'Bien realise.', 161, 37),
    ('2024-01-18', 9.5, 'Excellent.', 162, 40),
    ('2024-01-18', 8.5, 'Tres bon effort.', 162, 44),
    ('2024-01-15', 9.0, 'Belle technique.', 163, 41),
    ('2024-01-15', 8.5, 'Tres bon effort.', 163, 43),
    ('2024-01-16', 9.0, 'Belle technique.', 164, 46),
    ('2024-01-16', 8.0, 'Bien realise.', 164, 47),
    ('2024-01-17', 9.5, 'Excellent.', 165, 36),
    ('2024-01-17', 8.5, 'Tres bon effort.', 165, 40),
    ('2024-01-18', 9.0, 'Belle technique.', 166, 38),
    ('2024-01-18', 8.5, 'Tres bon effort.', 166, 42),



    ('2024-01-15', 9.0, 'Belle technique.', 167, 33),
    ('2024-01-15', 8.0, 'Bien realise.', 167, 38),
    ('2024-01-16', 9.5, 'Excellent.', 168, 42),
    ('2024-01-16', 8.5, 'Tres bon effort.', 168, 37),
    ('2024-01-17', 9.0, 'Belle technique.', 169, 43),
    ('2024-01-17', 8.5, 'Tres bon effort.', 169, 44),
    ('2024-01-18', 9.5, 'Excellent.', 170, 45),
    ('2024-01-18', 8.0, 'Bien realise.', 170, 47),
    ('2024-01-18', 9.0, 'Belle technique.', 171, 35),
    ('2024-01-18', 8.5, 'Tres bon effort.', 171, 33),
    ('2024-01-15', 9.0, 'Belle technique.', 172, 46),
    ('2024-01-15', 8.5, 'Tres bon effort.', 172, 36),



    ('2024-01-16', 8.5, 'Tres bon effort.', 173, 33),
    ('2024-01-16', 9.0, 'Belle technique.', 173, 42),
    ('2024-01-17', 9.0, 'Belle technique.', 174, 40),
    ('2024-01-17', 8.5, 'Tres bon effort.', 174, 43),
    ('2024-01-18', 9.5, 'Excellent.', 175, 36),
    ('2024-01-18', 8.0, 'Bien realise.', 175, 38),
    ('2024-01-15', 9.0, 'Belle technique.', 176, 37),
    ('2024-01-15', 8.5, 'Tres bon effort.', 176, 39),
    ('2024-01-16', 9.0, 'Belle technique.', 177, 33),
    ('2024-01-16', 8.5, 'Tres bon effort.', 177, 35),
    ('2024-01-17', 9.5, 'Excellent.', 178, 41),
    ('2024-01-17', 8.5, 'Tres bon effort.', 178, 34),
    ('2024-01-18', 9.0, 'Belle technique.', 179, 40),
    ('2024-01-18', 8.5, 'Tres bon effort.', 179, 38),



    ('2024-01-15', 9.5, 'Excellent.', 180, 35),
    ('2024-01-15', 8.0, 'Bien realise.', 180, 36),
    ('2024-01-16', 8.5, 'Tres bon effort.', 181, 38),
    ('2024-01-16', 9.0, 'Belle technique.', 181, 37),
    ('2024-01-17', 7.5, 'Abstrait, mais captivant.', 182, 42),
    ('2024-01-17', 8.0, 'Design interessant.', 182, 33),
    ('2024-01-18', 8.0, 'Exploration des formes géométriques.', 183, 43),
    ('2024-01-18', 7.5, 'Bon concept.', 183, 44),
    ('2024-01-18', 8.5, 'Exploration des formes géométriques.', 184, 41),
    ('2024-01-18', 8.0, 'Bon jeu de formes.', 184, 39),
    ('2024-01-15', 9.0, 'Tres beau rendu des couleurs.', 185, 40),
    ('2024-01-15', 8.5, 'Très esthétique.', 185, 34),
    ('2024-01-16', 9.0, 'Design innovant.', 186, 45),
    ('2024-01-16', 8.5, 'Bien réalisé.', 186, 46),
    ('2024-01-17', 8.5, 'Abstrait, mais captivant.', 187, 47),
    ('2024-01-17', 9.0, 'Très beau design.', 187, 31),



    ('2024-01-18', 8.0, 'Exploration des formes géométriques.', 188, 27),
    ('2024-01-18', 7.5, 'Sympa mais perfectible.', 188, 28),
    ('2024-01-15', 8.5, 'Tres beau rendu des couleurs.', 189, 29),
    ('2024-01-15', 9.0, 'Excellente maîtrise des couleurs.', 189, 30),
    ('2024-01-16', 7.5, 'Design innovant.', 190, 31),
    ('2024-01-16', 8.0, 'Jolie création.', 190, 32),
    ('2024-01-17', 8.5, 'Abstrait, mais captivant.', 191, 33),
    ('2024-01-17', 8.0, 'Beau travail de formes.', 191, 34),
    ('2024-01-18', 8.0, 'Exploration des formes géométriques.', 192, 35),
    ('2024-01-18', 8.5, 'Intéressant travail sur les formes.', 192, 36),
    ('2024-01-16', 8.5, 'Design innovant.', 193, 37),
    ('2024-01-16', 8.0, 'Joli concept.', 193, 38),
    ('2024-01-17', 9.0, 'Abstrait, mais captivant.', 194, 39),
    ('2024-01-17', 8.5, 'Très bonne interprétation.', 194, 40),
    ('2024-01-18', 7.5, 'Exploration des formes géométriques.', 195, 41),
    ('2024-01-18', 8.0, 'Bien joué, mais manque de fluidité.', 195, 42),
    ('2024-01-15', 8.5, 'Tres beau rendu des couleurs.', 196, 43),
    ('2024-01-15', 9.0, 'Excellent choix de couleurs.', 196, 44),
    ('2024-01-16', 8.0, 'Design innovant.', 197, 45),
    ('2024-01-16', 7.5, 'Concept sympa.', 197, 47),



    ('2024-01-17', 9.0, 'Abstrait, mais captivant.', 198, 32),
    ('2024-01-17', 8.5, 'Beau travail de concept.', 198, 34),
    ('2024-01-18', 7.5, 'Exploration des formes géométriques.', 199, 32),
    ('2024-01-18', 8.0, 'Très joli.', 199, 38),
    ('2024-01-16', 8.5, 'Design innovant.', 200, 43),
    ('2024-01-16', 8.0, 'Création intéressante.', 200, 45),
    ('2024-01-17', 8.0, 'Abstrait, mais captivant.', 201, 41),
    ('2024-01-17', 7.5, 'Très bon travail.', 201, 32),
    ('2024-01-18', 9.0, 'Exploration des formes géométriques.', 202, 33),
    ('2024-01-18', 8.5, 'Très joli travail sur les formes.', 202, 32),
    ('2024-01-15', 8.0, 'Tres beau rendu des couleurs.', 203, 33),
    ('2024-01-15', 8.5, 'Beau travail.', 203, 22),
    ('2024-01-16', 7.5, 'Design innovant.', 204, 34),
    ('2024-01-16', 8.0, 'Bien réalisé.', 204, 37),


    ('2024-01-17', 8.5, 'Abstrait, mais captivant.', 205, 33),
    ('2024-01-17', 9.0, 'Très belle réalisation.', 205, 38),
    ('2024-01-18', 7.5, 'Exploration des formes géométriques.', 206, 35),
    ('2024-01-18', 8.0, 'Bien fait, mais à approfondir.', 206, 41),
    ('2024-01-16', 8.5, 'Design innovant.', 207, 37),
    ('2024-01-16', 8.0, 'Concept très intéressant.', 207, 34),
    ('2024-01-17', 7.5, 'Abstrait, mais captivant.', 208, 39),
    ('2024-01-17', 8.0, 'Très bon concept.', 208, 40),
    ('2024-01-18', 8.5, 'Exploration des formes géométriques.', 209, 36),
    ('2024-01-18', 9.0, 'Excellent travail sur les formes géométriques.', 209, 42),
    ('2024-01-15', 8.5, 'Tres beau rendu des couleurs.', 210, 43),
    ('2024-01-15', 9.0, 'Superbe maîtrise des couleurs.', 210, 46),
    ('2024-01-16', 7.5, 'Design innovant.', 211, 45),
    ('2024-01-16', 8.0, 'Concept intéressant.', 211, 44),
    ('2024-01-17', 8.0, 'Abstrait, mais captivant.', 212, 47),
    ('2024-01-17', 8.5, 'Très bien exécuté.', 212, 33),



    ('2024-01-18', 7.5, 'Exploration des formes géométriques.', 213, 36),
    ('2024-01-18', 8.0, 'Bien mais à améliorer.', 213, 47),
    ('2024-01-15', 9.5, 'Excellent.', 214, 38),
    ('2024-01-15', 8.0, 'Bien realise.', 214, 39),
    ('2024-01-16', 8.5, 'Tres bon effort.', 215, 40),
    ('2024-01-16', 9.0, 'Belle technique.', 215, 46),
    ('2024-01-16', 8.0, 'Bon design.', 216, 42),
    ('2024-01-16', 7.5, 'Bonne exploration.', 216, 38),
    ('2024-01-15', 9.0, 'Rendu des couleurs superbe.', 217, 44),
    ('2024-01-15', 8.5, 'Très beau travail.', 217, 45),
    ('2024-01-16', 8.0, 'Design intéressant.', 218, 41),
    ('2024-01-16', 8.5, 'Bonne exploration des formes.', 218, 37),
    ('2024-01-17', 9.0, 'Très captivant.', 219, 36),
    ('2024-01-17', 8.5, 'Rendu original.', 219, 37),
    ('2024-01-18', 8.5, 'Belles formes géométriques.', 220, 43),
    ('2024-01-18', 9.0, 'Bon travail sur les formes.', 220, 39),



    ('2024-01-16', 9.0, 'Rendu innovant.', 221, 42),
    ('2024-01-16', 8.0, 'Design recherché.', 221, 43),
    ('2024-01-17', 8.5, 'Bien réalisé.', 222, 30),
    ('2024-01-17', 9.0, 'Techniquement impressionnant.', 222, 33),
    ('2024-01-18', 8.5, 'Beau travail.', 223, 46),
    ('2024-01-18', 9.0, 'Rendu intéressant.', 223, 29),
    ('2024-01-15', 9.0, 'Très bonne présentation.', 224, 26),
    ('2024-01-15', 8.5, 'Beau choix de couleurs.', 224, 36),
    ('2024-01-16', 8.0, 'Bon design.', 225, 28),
    ('2024-01-16', 7.5, 'Intéressant, mais à approfondir.', 225, 47),
    ('2024-01-17', 9.0, 'Créatif et original.', 226,44),
    ('2024-01-17', 8.5, 'Très captivant.', 226, 31),
    ('2024-01-18', 8.0, 'Bonne exploration des formes.', 227, 32),
    ('2024-01-18', 8.5, 'Travail intéressant.', 227, 45),
    ('2024-01-16', 9.0, 'Concept innovant.', 228, 34),
    ('2024-01-16', 8.5, 'Design captivant.', 228, 35),
    ('2024-01-17', 8.0, 'Bon design.', 229, 27),
    ('2024-01-17', 8.5, 'Joli travail.', 229, 37),





    ('2024-01-18', 9.0, 'Belles explorations géométriques.', 230, 35),
    ('2024-01-18', 8.5, 'Design propre.', 230, 36),
    ('2024-01-15', 8.0, 'Travail soigné.', 231, 40),
    ('2024-01-15', 7.5, 'Bon rendu des couleurs.', 231, 32),
    ('2024-01-16', 8.5, 'Concept moderne.', 232, 37),
    ('2024-01-16', 8.0, 'Bonne interprétation.', 232, 38),
    ('2024-01-17', 9.0, 'Très bon concept.', 233, 34),
    ('2024-01-17', 8.5, 'Rendu bien fait.', 233, 31),
    ('2024-01-18', 8.0, 'Design original.', 234, 33),
    ('2024-01-18', 8.5, 'Bon jeu sur les formes.', 234, 26),
    ('2024-01-16', 9.0, 'Très belle approche.', 235, 25),
    ('2024-01-16', 8.5, 'Bon travail sur les formes.', 235, 30),
    ('2024-01-17', 9.0, 'Créatif et moderne.', 236, 23),
    ('2024-01-17', 8.5, 'Design intéressant.', 236, 22),
    ('2024-01-15', 9.5, 'Excellent.', 237, 18),
    ('2024-01-15', 8.0, 'Bien realise.', 237, 41),



    ('2024-01-16', 8.5, 'Tres bon effort.', 238, 41),
    ('2024-01-16', 9.0, 'Belle technique.', 238, 36),
    ('2024-01-16', 7.5, 'Design intéressant mais perfectible.', 239, 35),
    ('2024-01-16', 8.0, 'Bon travail mais peut être plus original.', 239, 38),
    ('2024-01-17', 9.0, 'Très créatif et original.', 240, 37),
    ('2024-01-17', 8.5, 'Bien conçu.', 240, 34),
    ('2024-01-18', 9.5, 'Excellent usage des formes.', 241, 40),
    ('2024-01-18', 8.5, 'Très bien exécuté.', 241, 30),
    ('2024-01-16', 8.0, 'Design intéressant.', 242, 31),
    ('2024-01-16', 9.0, 'Bonne utilisation des formes géométriques.', 242, 39),
    ('2024-01-17', 9.0, 'Créatif et captivant.', 243, 33),
    ('2024-01-17', 8.5, 'Bon rendu.', 243, 32),
    ('2024-01-18', 8.5, 'Jolie palette de couleurs.', 244, 26),
    ('2024-01-18', 9.0, 'Très bon rendu visuel.', 244, 25),
    ('2024-01-15', 9.0, 'Superbe design.', 245, 45),
    ('2024-01-15', 8.5, 'Bien pensé, mais à améliorer.', 245, 46),
    ('2024-01-16', 9.0, 'Design innovant.', 246, 47),
    ('2024-01-16', 8.5, 'Bonne utilisation des éléments graphiques.', 246, 20),
    ('2024-01-17', 8.0, 'Bon concept.', 247, 19),
    ('2024-01-17', 8.5, 'Concept intéressant.', 247, 48),
    ('2024-01-18', 9.0, 'Bon travail sur les formes.', 248, 49),
    ('2024-01-18', 8.5, 'Très joli rendu.', 248, 50),



    ('2024-01-18', 8.0, 'Concept solide mais un peu classique.', 249, 34),
    ('2024-01-18', 9.0, 'Très bien réalisé.', 249, 35),
    ('2024-01-16', 8.5, 'Original mais perfectible.', 250, 31),
    ('2024-01-16', 9.0, 'Bon mélange des styles.', 250, 36),
    ('2024-01-17', 9.0, 'Très bon design.', 251, 37),
    ('2024-01-17', 8.5, 'Bien exécuté.', 251, 38),
    ('2024-01-18', 8.0, 'Bien mais à retravailler.', 252, 30),
    ('2024-01-18', 8.5, 'Bon rendu.', 252, 40),
    ('2024-01-16', 9.0, 'Design impressionnant.', 253, 33),
    ('2024-01-16', 8.5, 'Bon concept.', 253, 32),
    ('2024-01-17', 8.5, 'Créatif.', 254, 39),
    ('2024-01-17', 9.0, 'Rendu superbe.', 254, 45),
    ('2024-01-18', 8.0, 'Design simple mais efficace.', 255, 46),
    ('2024-01-18', 8.5, 'Bon choix de couleurs.', 255, 47),
    ('2024-01-15', 9.5, 'Excellent.', 256, 20),
    ('2024-01-15', 8.0, 'Bien réalisé.', 256, 19),



    ('2024-01-15', 9.0, 'Très beau rendu des couleurs.', 257, 19),
    ('2024-01-15', 8.5, 'Très bon rendu des couleurs.', 257, 40),
    ('2024-01-16', 8.5, 'Design innovant.', 258, 39),
    ('2024-01-16', 9.0, 'Design exceptionnel.', 258, 36),
    ('2024-01-16', 8.0, 'Abstrait mais intéressant.', 259, 38),
    ('2024-01-16', 9.0, 'Captivant et créatif.', 259, 37),
    ('2024-01-18', 8.5, 'Exploration des formes géométriques.', 260, 33),
    ('2024-01-18', 9.0, 'Très bien réalisé.', 260, 34),
    ('2024-01-18', 8.0, 'Formes géométriques intéressantes.', 261, 45),
    ('2024-01-18', 8.5, 'Bien exploré.', 261, 46),
    ('2024-01-18', 9.0, 'Très beau rendu des couleurs.', 262, 47),
    ('2024-01-18', 8.5, 'Rendu parfait des couleurs.', 262, 40),
    ('2024-01-16', 8.5, 'Design innovant.', 263, 35),
    ('2024-01-16', 9.0, 'Bien pensé.', 263, 38),
    ('2024-01-17', 8.0, 'Abstrait, mais captivant.', 264, 19),
    ('2024-01-17', 8.5, 'Très bon travail.', 264, 46),



    ('2024-01-18', 9.0, 'Exploration géométrique impressionnante.', 265, 40),
    ('2024-01-18', 8.5, 'Très bon rendu des formes géométriques.', 265, 46),
    ('2024-01-16', 9.0, 'Design innovant et original.', 266, 39),
    ('2024-01-16', 8.5, 'Création esthétique.', 266, 38),
    ('2024-01-17', 8.5, 'Abstrait, mais fascinant.', 267, 41),
    ('2024-01-17', 9.0, 'Travaillé avec soin.', 267, 47),
    ('2024-01-18', 8.5, 'Formes géométriques bien explorées.', 268, 40),
    ('2024-01-18', 9.0, 'Très bon travail de géométrie.', 268, 46),
    ('2024-01-15', 9.0, 'Rendu superbe des couleurs.', 269, 19),
    ('2024-01-15', 8.5, 'Couleurs bien maîtrisées.', 269, 45),
    ('2024-01-17', 8.5, 'Abstrait, mais captivant.', 270, 37),
    ('2024-01-17', 9.0, 'Très belle réalisation.', 270, 38),
    ('2024-01-18', 7.5, 'Exploration des formes géométriques.', 271, 40),
    ('2024-01-18', 8.0, 'Bien fait, mais à approfondir.', 271, 46),




    ('2024-01-16', 8.5, 'Design innovant.', 272, 39),
    ('2024-01-16', 8.0, 'Concept très intéressant.', 272, 40),
    ('2024-01-17', 7.5, 'Abstrait, mais captivant.', 273, 45),
    ('2024-01-17', 8.0, 'Très bon concept.', 273, 46),
    ('2024-01-18', 8.5, 'Exploration des formes géométriques.', 274, 47),
    ('2024-01-18', 9.0, 'Excellent travail sur les formes géométriques.', 274, 19),
    ('2024-01-15', 8.5, 'Très beau rendu des couleurs.', 275, 20),
    ('2024-01-15', 9.0, 'Superbe maîtrise des couleurs.', 275, 40),
    ('2024-01-16', 7.5, 'Design innovant.', 276, 45),
    ('2024-01-16', 8.0, 'Concept intéressant.', 276, 46),
    ('2024-01-17', 8.0, 'Abstrait, mais captivant.', 277, 47),
    ('2024-01-17', 8.5, 'Très bien exécuté.', 277, 39),
    ('2024-01-18', 8.0, 'Concept solide mais un peu classique.', 278, 40),
    ('2024-01-18', 9.0, 'Très bien réalisé.', 278, 45),



    ('2024-01-16', 8.5, 'Original mais perfectible.', 279, 46),
    ('2024-01-16', 9.0, 'Bon mélange des styles.', 279, 47),
    ('2024-01-17', 9.0, 'Très bon design.', 280, 19),
    ('2024-01-17', 8.5, 'Bien exécuté.', 280, 22),
    ('2024-01-18', 8.0, 'Bien mais à retravailler.', 281, 23),
    ('2024-01-18', 8.5, 'Bon rendu.', 281, 25),
    ('2024-01-16', 9.0, 'Design impressionnant.', 282, 26),
    ('2024-01-16', 8.5, 'Bon concept.', 282, 30),
    ('2024-01-17', 8.5, 'Créatif.', 283, 31),
    ('2024-01-17', 9.0, 'Rendu superbe.', 283, 32),
    ('2024-01-18', 8.0, 'Design simple mais efficace.', 284, 33),
    ('2024-01-18', 8.5, 'Bon choix de couleurs.', 284, 34),
    ('2024-01-15', 9.5, 'Excellent.', 285, 45),
    ('2024-01-15', 8.0, 'Bien réalisé.', 285, 46),



    ('2024-01-16', 9.0, 'Originalité remarquable.', 286, 19),
    ('2024-01-16', 8.5, 'Style unique.', 286, 20),
    ('2024-01-17', 9.0, 'Excellente harmonie.', 287, 22),
    ('2024-01-17', 8.5, 'Très esthétique.', 287, 23),
    ('2024-01-18', 8.0, 'Travail propre.', 288, 25),
    ('2024-01-18', 8.5, 'Bonne ambiance visuelle.', 288, 26),
    ('2024-01-16', 9.0, 'Un bel équilibre.', 289, 30),
    ('2024-01-16', 8.5, 'Approche intéressante.', 289, 31),
    ('2024-01-17', 8.5, 'Inspiration moderne.', 290, 32),
    ('2024-01-17', 9.0, 'Très réussi.', 290, 33),
    ('2024-01-18', 8.0, 'Design soigné.', 291, 34),
    ('2024-01-18', 8.5, 'Concept original.', 291, 35),
    ('2024-01-15', 9.5, 'Exceptionnel.', 292, 36),
    ('2024-01-15', 8.0, 'Bien maîtrisé.', 292, 37),
    ('2024-01-17', 9.0, 'Excellente harmonie.', 293, 38),
    ('2024-01-17', 8.5, 'Très esthétique.', 293, 40),
    ('2024-01-18', 8.0, 'Travail propre.', 294, 19),
    ('2024-01-18', 8.5, 'Bonne ambiance visuelle.', 294, 20),




    ('2024-01-16', 9.0, 'Un bel équilibre.', 295, 40),
    ('2024-01-16', 8.5, 'Approche intéressante.', 295, 41),
    ('2024-01-17', 8.5, 'Inspiration moderne.', 296, 42),
    ('2024-01-17', 9.0, 'Très réussi.', 296, 43),
    ('2024-01-18', 8.0, 'Design soigné.', 297, 44),
    ('2024-01-18', 8.5, 'Concept original.', 297, 45),
    ('2024-01-15', 9.5, 'Exceptionnel.', 298, 46),
    ('2024-01-15', 8.0, 'Bien maîtrisé.', 298, 47),
    ('2024-01-17', 9.0, 'Excellente harmonie.', 299, 50),
    ('2024-01-17', 8.5, 'Très esthétique.', 299, 51),
    ('2024-01-18', 8.0, 'Travail propre.', 300, 52),
    ('2024-01-18', 8.5, 'Bonne ambiance visuelle.', 300, 53),
    ('2024-01-16', 9.0, 'Un bel équilibre.', 301, 54),
    ('2024-01-16', 8.5, 'Approche intéressante.', 301, 55),
    ('2024-01-17', 8.5, 'Inspiration moderne.', 302, 56),
    ('2024-01-17', 9.0, 'Très réussi.', 302, 57),
    ('2024-01-18', 8.0, 'Design soigné.', 303, 58),
    ('2024-01-18', 8.5, 'Concept original.', 303, 59),



    ('2024-01-15', 9.5, 'Exceptionnel.', 304, 33),
    ('2024-01-15', 8.0, 'Bien maîtrisé.', 304, 36),
    ('2024-01-17', 9.0, 'Excellente harmonie.', 305, 47),
    ('2024-01-17', 8.5, 'Très esthétique.', 305, 19),
    ('2024-01-18', 8.0, 'Travail propre.', 306, 45),
    ('2024-01-18', 8.5, 'Bonne ambiance visuelle.', 306, 45),
    ('2024-01-16', 9.0, 'Un bel équilibre.', 307, 20),
    ('2024-01-16', 8.5, 'Approche intéressante.', 307, 47),
    ('2024-01-17', 8.5, 'Inspiration moderne.', 308, 35),
    ('2024-01-17', 9.0, 'Très réussi.', 308, 47),
    ('2024-01-18', 8.0, 'Design soigné.', 309, 33),
    ('2024-01-18', 8.5, 'Concept original.', 309, 34),
    ('2024-01-15', 9.5, 'Exceptionnel.', 310, 29),
    ('2024-01-15', 8.0, 'Bien maîtrisé.', 310, 27),
    ('2024-01-17', 9.0, 'Excellente harmonie.', 311, 29),
    ('2024-01-17', 8.5, 'Très esthétique.', 311, 38),
    ('2024-01-18', 8.0, 'Travail propre.', 312, 29),
    ('2024-01-18', 8.5, 'Bonne ambiance visuelle.', 312, 45),
    ('2024-01-16', 9.0, 'Un bel équilibre.', 313, 46),
    ('2024-01-16', 8.5, 'Approche intéressante.', 313, 35),




    ('2024-01-17', 8.5, 'Inspiration moderne.', 314, 27),
    ('2024-01-17', 9.0, 'Très réussi.', 314, 20),
    ('2024-01-18', 8.0, 'Design soigné.', 315, 28),
    ('2024-01-18', 8.5, 'Concept original.', 315, 19),
    ('2024-01-15', 9.5, 'Exceptionnel.', 316, 45),
    ('2024-01-15', 8.0, 'Bien maîtrisé.', 316, 34),
    ('2024-01-17', 9.0, 'Excellente harmonie.', 317, 29),
    ('2024-01-17', 8.5, 'Très esthétique.', 317, 38),
    ('2024-01-18', 8.0, 'Travail propre.', 318, 38),
    ('2024-01-18', 8.5, 'Bonne ambiance visuelle.', 318, 29),
    ('2024-01-16', 9.0, 'Un bel équilibre.', 319, 20),
    ('2024-01-16', 8.5, 'Approche intéressante.', 319, 46),



    ('2024-01-17', 8.5, 'Inspiration moderne.', 320, 45),
    ('2024-01-17', 9.0, 'Très réussi.', 320, 37),
    ('2024-01-18', 8.0, 'Design soigné.', 321, 36),
    ('2024-01-18', 8.5, 'Concept original.', 321, 45),
    ('2024-01-15', 9.5, 'Exceptionnel.', 322, 28),
    ('2024-01-15', 8.0, 'Bien maîtrisé.', 322, 20),
    ('2024-01-17', 9.0, 'Excellente harmonie.', 323, 33),
    ('2024-01-17', 8.5, 'Très esthétique.', 323, 46),
    ('2024-01-18', 8.0, 'Travail propre.', 324, 33),
    ('2024-01-18', 8.5, 'Bonne ambiance visuelle.', 324, 35),
    ('2024-01-16', 9.0, 'Un bel équilibre.', 325, 20),
    ('2024-01-16', 8.5, 'Approche intéressante.', 325, 20),
    ('2024-01-17', 8.5, 'Inspiration moderne.', 326, 19),
    ('2024-01-17', 9.0, 'Très réussi.', 326, 38),



    ('2024-01-18', 8.0, 'Design soigné.', 327, 34),
    ('2024-01-18', 8.5, 'Concept original.', 327, 45),
    ('2024-01-15', 9.5, 'Exceptionnel.', 328, 19),
    ('2024-01-15', 8.0, 'Bien maîtrisé.', 328, 33),
    ('2024-01-17', 9.0, 'Excellente harmonie.', 329, 27),
    ('2024-01-17', 8.5, 'Très esthétique.', 329, 22),
    ('2024-01-18', 8.0, 'Travail propre.', 330, 19),
    ('2024-01-18', 8.5, 'Bonne ambiance visuelle.', 330, 22),
    ('2024-01-16', 9.0, 'Un bel équilibre.', 331, 33),
    ('2024-01-16', 8.5, 'Approche intéressante.', 331, 45),
    ('2024-01-17', 8.5, 'Inspiration moderne.', 332, 23),
    ('2024-01-17', 9.0, 'Très réussi.', 332, 19),
    ('2024-01-18', 8.0, 'Design soigné.', 333, 22),
    ('2024-01-18', 8.5, 'Concept original.', 333, 33),
    ('2024-01-15', 9.5, 'Exceptionnel.', 334, 27),
    ('2024-01-15', 8.0, 'Bien maîtrisé.', 334, 46),
    ('2024-01-17', 9.0, 'Excellente harmonie.', 335, 34),
    ('2024-01-17', 8.5, 'Très esthétique.', 335, 19),
    ('2024-01-18', 8.0, 'Travail propre.', 336, 34),
    ('2024-01-18', 8.5, 'Bonne ambiance visuelle.', 336, 28),



    ('2024-01-16', 9.0, 'Un bel équilibre.', 337, 27),
    ('2024-01-16', 8.5, 'Approche intéressante.', 337, 29),
    ('2024-01-17', 8.5, 'Inspiration moderne.', 338, 34),
    ('2024-01-17', 9.0, 'Très réussi.', 338, 38),
    ('2024-01-18', 8.0, 'Design soigné.', 339, 33),
    ('2024-01-18', 8.5, 'Concept original.', 339, 29),
    ('2024-01-15', 9.5, 'Exceptionnel.', 340, 33),
    ('2024-01-15', 8.0, 'Bien maîtrisé.', 340, 37),
    ('2024-01-17', 9.0, 'Excellente harmonie.', 341, 29),
    ('2024-01-17', 8.5, 'Très esthétique.', 341, 35),
    ('2024-01-18', 8.0, 'Travail propre.', 342, 29),
    ('2024-01-18', 8.5, 'Bonne ambiance visuelle.', 342, 37),
    ('2024-01-16', 9.0, 'Un bel équilibre.', 343, 19),
    ('2024-01-16', 8.5, 'Approche intéressante.', 343, 38),




    ('2024-01-17', 8.5, 'Inspiration moderne.', 344, 45),
    ('2024-01-17', 9.0, 'Très réussi.', 344, 44),
    ('2024-01-18', 8.0, 'Design soigné.', 345, 28),
    ('2024-01-18', 8.5, 'Concept original.', 345, 23),
    ('2024-01-15', 9.5, 'Exceptionnel.', 346, 29),
    ('2024-01-15', 8.0, 'Bien maîtrisé.', 346, 28),
    ('2024-01-17', 9.0, 'Excellente harmonie.', 347, 28),
    ('2024-01-17', 8.5, 'Très esthétique.', 347, 44),
    ('2024-01-18', 8.0, 'Travail propre.', 348, 41),
    ('2024-01-18', 8.5, 'Bonne ambiance visuelle.', 348, 40),
    ('2024-01-16', 9.0, 'Un bel équilibre.', 349, 28),
    ('2024-01-16', 8.5, 'Approche intéressante.', 349, 27),
    ('2024-01-17', 8.5, 'Inspiration moderne.', 350, 40),
    ('2024-01-17', 9.0, 'Très réussi.', 350, 25),



    ('2024-01-18', 8.0, 'Design soigné.', 351, 19),
    ('2024-01-18', 8.5, 'Concept original.', 351, 25),
    ('2024-01-15', 9.5, 'Exceptionnel.', 352, 41),
    ('2024-01-15', 8.0, 'Bien maîtrisé.', 352, 43),
    ('2024-01-17', 9.0, 'Excellente harmonie.', 353, 46),
    ('2024-01-17', 8.5, 'Très esthétique.', 353, 20),
    ('2024-01-18', 8.0, 'Travail propre.', 354, 44),
    ('2024-01-18', 8.5, 'Bonne ambiance visuelle.', 354, 39),
    ('2024-01-16', 9.0, 'Un bel équilibre.', 355, 25),
    ('2024-01-16', 8.5, 'Approche intéressante.', 355, 29),
    ('2024-01-18', 8.5, 'Concept original.', 356, 40),
    ('2024-01-17', 9.0, 'Très réussi.', 356, 25),
    ('2024-01-18', 8.0, 'Design soigné.', 357, 47),
    ('2024-01-18', 8.5, 'Concept original.', 357, 19),


    ('2024-01-15', 9.5, 'Exceptionnel.', 358, 19),
    ('2024-01-15', 8.0, 'Bien maîtrisé.', 358, 23),
    ('2024-01-17', 9.0, 'Excellente harmonie.', 359, 47),
    ('2024-01-17', 8.5, 'Très esthétique.', 359, 40),
    ('2024-01-18', 8.0, 'Travail propre.', 360, 20),
    ('2024-01-18', 8.5, 'Bonne ambiance visuelle.', 360, 42),
    ('2024-01-16', 9.0, 'Un bel équilibre.', 361, 39),
    ('2024-01-16', 8.5, 'Approche intéressante.', 361, 28),
    ('2024-01-17', 8.5, 'Inspiration moderne.', 362, 22),
    ('2024-01-17', 9.0, 'Très réussi.', 362, 44),
    ('2024-01-18', 8.0, 'Design soigné.', 363, 29),
    ('2024-01-18', 8.5, 'Concept original.', 363, 41),
    ('2024-01-15', 9.5, 'Exceptionnel.', 364, 23),
    ('2024-01-15', 8.0, 'Bien maîtrisé.', 364, 20),


    ('2024-01-17', 9.0, 'Excellente harmonie.', 365, 41),
    ('2024-01-17', 8.5, 'Très esthétique.', 365, 47),
    ('2024-01-18', 8.0, 'Travail propre.', 366, 20),
    ('2024-01-18', 8.5, 'Bonne ambiance visuelle.', 366, 46),
    ('2024-01-16', 9.0, 'Un bel équilibre.', 367, 19),
    ('2024-01-16', 8.5, 'Approche intéressante.', 367, 39),
    ('2024-01-17', 8.5, 'Inspiration moderne.', 368, 43),
    ('2024-01-17', 9.0, 'Très réussi.', 368, 25),
    ('2024-01-18', 8.0, 'Design soigné.', 369, 42),
    ('2024-01-18', 8.5, 'Concept original.', 369, 26),
    ('2024-01-15', 9.5, 'Exceptionnel.', 370, 45),
    ('2024-01-15', 8.0, 'Bien maîtrisé.', 370, 26),



    ('2024-01-17', 9.0, 'Excellente harmonie.', 371, 42),
    ('2024-01-17', 8.5, 'Très esthétique.', 371, 25),
    ('2024-01-18', 8.0, 'Travail propre.', 372, 44),
    ('2024-01-18', 8.5, 'Bonne ambiance visuelle.', 372, 19),
    ('2024-01-16', 9.0, 'Un bel équilibre.', 373, 20),
    ('2024-01-16', 8.5, 'Approche intéressante.', 373, 46),
    ('2024-01-17', 8.5, 'Inspiration moderne.', 374, 47),
    ('2024-01-17', 9.0, 'Très réussi.', 374, 23),
    ('2024-01-18', 8.0, 'Design soigné.', 375, 28),
    ('2024-01-18', 8.5, 'Concept original.', 375, 25),
    ('2024-01-15', 9.5, 'Exceptionnel.', 376, 29),
    ('2024-01-15', 8.0, 'Bien maîtrisé.', 376, 46),


    ('2024-01-17', 9.0, 'Excellente harmonie.', 377, 39),
    ('2024-01-17', 8.5, 'Très esthétique.', 377, 22),
    ('2024-01-18', 8.0, 'Travail propre.', 378, 29),
    ('2024-01-18', 8.5, 'Bonne ambiance visuelle.', 378, 26),
    ('2024-01-16', 9.0, 'Un bel équilibre.', 379, 46),
    ('2024-01-16', 8.5, 'Approche intéressante.', 379, 41),
    ('2024-01-17', 8.5, 'Inspiration moderne.', 380, 23),
    ('2024-01-17', 9.0, 'Très réussi.', 380, 28),
    ('2024-01-18', 8.0, 'Design soigné.', 381, 45),
    ('2024-01-18', 8.5, 'Concept original.', 381, 28),
    ('2024-01-15', 9.5, 'Exceptionnel.', 382, 47),
    ('2024-01-15', 8.0, 'Bien maîtrisé.', 382, 22),


    ('2024-01-17', 9.0, 'Excellente harmonie.', 383, 22),
    ('2024-01-17', 8.5, 'Très esthétique.', 383, 19),
    ('2024-01-18', 8.0, 'Travail propre.', 384, 42),
    ('2024-01-18', 8.5, 'Bonne ambiance visuelle.', 384, 40),
    ('2024-01-16', 9.0, 'Un bel équilibre.', 385, 25),
    ('2024-01-16', 8.5, 'Approche intéressante.', 385, 40),
    ('2024-01-17', 8.5, 'Inspiration moderne.', 386, 29),
    ('2024-01-17', 9.0, 'Très réussi.', 386, 39),
    ('2024-01-18', 8.0, 'Design soigné.', 387, 43),
    ('2024-01-18', 8.5, 'Concept original.', 387, 26),
    ('2024-01-15', 9.5, 'Exceptionnel.', 388, 23),
    ('2024-01-15', 8.0, 'Bien maîtrisé.', 388, 20),


    ('2024-01-17', 9.0, 'Excellente harmonie.', 389, 23),
    ('2024-01-17', 8.5, 'Très esthétique.', 389, 29),
    ('2024-01-18', 8.0, 'Travail propre.', 390, 41),
    ('2024-01-18', 8.5, 'Bonne ambiance visuelle.', 390, 45),
    ('2024-01-16', 9.0, 'Un bel équilibre.', 391, 42),
    ('2024-01-16', 8.5, 'Approche intéressante.', 391, 22),


    ('2024-01-17', 8.5, 'Inspiration moderne.', 392, 43),
    ('2024-01-17', 9.0, 'Très réussi.', 392, 19),
    ('2024-01-18', 8.0, 'Design soigné.', 393, 25),
    ('2024-01-18', 8.5, 'Concept original.', 393, 20),


    ('2024-01-15', 9.5, 'Exceptionnel.', 394, 19),
    ('2024-01-15', 8.0, 'Bien maîtrisé.', 394, 28),
    ('2024-01-17', 9.0, 'Excellente harmonie.', 395, 32),
    ('2024-01-17', 8.5, 'Très esthétique.', 395, 34),
    ('2024-01-18', 8.0, 'Travail propre.', 396, 40),
    ('2024-01-18', 8.5, 'Bonne ambiance visuelle.', 396, 46),
    ('2024-01-16', 9.0, 'Un bel équilibre.', 397, 41),
    ('2024-01-16', 8.5, 'Approche intéressante.', 397, 20),
    ('2024-01-17', 8.5, 'Inspiration moderne.', 398, 19),
    ('2024-01-17', 9.0, 'Très réussi.', 398, 29),
    ('2024-01-18', 8.0, 'Design soigné.', 399, 33),
    ('2024-01-18', 8.5, 'Concept original.', 399, 47),



    ('2024-01-15', 9.5, 'Exceptionnel.', 400, 19),
    ('2024-01-15', 8.0, 'Bien maîtrisé.', 400, 28),
    ('2024-01-17', 9.0, 'Excellente harmonie.', 401, 32),
    ('2024-01-17', 8.5, 'Très esthétique.', 401, 34),
    ('2024-01-18', 8.0, 'Travail propre.', 402, 40),
    ('2024-01-18', 8.5, 'Bonne ambiance visuelle.', 402, 46),
    ('2024-01-16', 9.0, 'Un bel équilibre.', 403, 41),
    ('2024-01-16', 8.5, 'Approche intéressante.', 403, 20),
    ('2024-01-17', 8.5, 'Inspiration moderne.', 404, 19),
    ('2024-01-17', 9.0, 'Très réussi.', 404, 29),
    ('2024-01-18', 8.0, 'Design soigné.', 405, 33),
    ('2024-01-18', 8.5, 'Concept original.', 405, 46),


    ('2024-01-15', 9.5, 'Exceptionnel.', 406, 20),
    ('2024-01-15', 8.0, 'Bien maîtrisé.', 406, 40),
    ('2024-01-17', 9.0, 'Excellente harmonie.', 407, 41),
    ('2024-01-17', 8.5, 'Très esthétique.', 407, 45),
    ('2024-01-18', 8.0, 'Travail propre.', 408, 19),
    ('2024-01-18', 8.5, 'Bonne ambiance visuelle.', 408, 23),
    ('2024-01-16', 9.0, 'Un bel équilibre.', 409, 22),
    ('2024-01-16', 8.5, 'Approche intéressante.', 409, 29),
    ('2024-01-17', 8.5, 'Inspiration moderne.', 410, 23),
    ('2024-01-17', 9.0, 'Très réussi.', 410, 46),
    ('2024-01-18', 8.0, 'Design soigné.', 411, 47),
    ('2024-01-18', 8.5, 'Concept original.', 411, 27),


    ('2024-01-15', 9.5, 'Exceptionnel.', 412, 20),
    ('2024-01-15', 8.0, 'Bien maîtrisé.', 412, 40),
    ('2024-01-17', 9.0, 'Excellente harmonie.', 413, 41),
    ('2024-01-17', 8.5, 'Très esthétique.', 413, 30),
    ('2024-01-18', 8.0, 'Travail propre.', 414, 32),
    ('2024-01-18', 8.5, 'Bonne ambiance visuelle.', 414, 23),
    ('2024-01-16', 9.0, 'Un bel équilibre.', 415, 22),
    ('2024-01-16', 8.5, 'Approche intéressante.', 415, 29),
    ('2024-01-17', 8.5, 'Inspiration moderne.', 416, 31),
    ('2024-01-17', 9.0, 'Très réussi.', 416,46),
    ('2024-01-18', 8.0, 'Design soigné.', 417, 47),
    ('2024-01-18', 8.5, 'Concept original.', 417, 27),


    ('2024-01-15', 9.5, 'Exceptionnel.', 418, 29),
    ('2024-01-15', 8.0, 'Bien maîtrisé.', 418, 32),
    ('2024-01-17', 9.0, 'Excellente harmonie.', 419, 38),
    ('2024-01-17', 8.5, 'Très esthétique.', 419, 47),
    ('2024-01-18', 8.0, 'Travail propre.', 420, 27),
    ('2024-01-18', 8.5, 'Bonne ambiance visuelle.', 420, 45),
    ('2024-01-16', 9.0, 'Un bel équilibre.', 421, 36),
    ('2024-01-16', 8.5, 'Approche intéressante.', 421, 20),
    ('2024-01-17', 8.5, 'Inspiration moderne.', 422, 22),
    ('2024-01-17', 9.0, 'Très réussi.', 422, 37),
    ('2024-01-18', 8.0, 'Design soigné.', 423, 46),
    ('2024-01-18', 8.5, 'Concept original.', 423, 38),


    ('2024-01-15', 9.5, 'Exceptionnel.', 424, 23),
    ('2024-01-15', 8.0, 'Bien maîtrisé.', 424, 45),
    ('2024-01-17', 9.0, 'Excellente harmonie.', 425, 41),
    ('2024-01-17', 8.5, 'Très esthétique.', 425, 36),
    ('2024-01-18', 8.0, 'Travail propre.', 426, 32),
    ('2024-01-18', 8.5, 'Bonne ambiance visuelle.', 426, 22),
    ('2024-01-16', 9.0, 'Un bel équilibre.', 427, 39),
    ('2024-01-16', 8.5, 'Approche intéressante.', 427, 37),
    ('2024-01-17', 8.5, 'Inspiration moderne.', 428, 19),
    ('2024-01-17', 9.0, 'Très réussi.', 428, 28),
    ('2024-01-18', 8.0, 'Design soigné.', 429, 20),
    ('2024-01-18', 8.5, 'Concept original.', 429, 30),


    ('2024-01-15', 9.5, 'Exceptionnel.', 430, 23),
    ('2024-01-15', 8.0, 'Bien maîtrisé.', 430, 32),
    ('2024-01-17', 9.0, 'Excellente harmonie.', 431, 38),
    ('2024-01-17', 8.5, 'Très esthétique.', 431, 47),
    ('2024-01-18', 8.0, 'Travail propre.', 432, 27),
    ('2024-01-18', 8.5, 'Bonne ambiance visuelle.', 432, 45),
    ('2024-01-16', 9.0, 'Un bel équilibre.', 433, 36),
    ('2024-01-16', 8.5, 'Approche intéressante.', 433, 22),
    ('2024-01-17', 8.5, 'Inspiration moderne.', 434, 41),
    ('2024-01-17', 9.0, 'Très réussi.', 434, 28),


    ('2024-01-18', 8.0, 'Design soigné.', 435, 25),
    ('2024-01-18', 8.5, 'Concept original.', 435, 32),
    ('2024-01-15', 9.5, 'Exceptionnel.', 436, 35),
    ('2024-01-15', 8.0, 'Bien maîtrisé.', 436, 41),
    ('2024-01-17', 9.0, 'Excellente harmonie.', 437, 26),
    ('2024-01-17', 8.5, 'Très esthétique.', 437, 33),
    ('2024-01-18', 8.0, 'Travail propre.', 438, 39),
    ('2024-01-18', 8.5, 'Bonne ambiance visuelle.', 438, 25),
    ('2024-01-16', 9.0, 'Un bel équilibre.', 439, 27),
    ('2024-01-16', 8.5, 'Approche intéressante.', 439, 31),
    ('2024-01-17', 8.5, 'Inspiration moderne.', 440, 40),
    ('2024-01-17', 9.0, 'Très réussi.', 440, 34),
    ('2024-01-18', 8.0, 'Design soigné.', 441, 40),
    ('2024-01-18', 8.5, 'Concept original.', 441, 25),


    ('2024-01-15', 9.5, 'Exceptionnel.', 442, 29),
    ('2024-01-15', 8.0, 'Bien maîtrisé.', 442, 32),
    ('2024-01-17', 9.0, 'Excellente harmonie.', 443, 35),
    ('2024-01-17', 8.5, 'Très esthétique.', 443, 41),
    ('2024-01-17', 9.0, 'Excellente harmonie.', 444, 20),
    ('2024-01-17', 8.5, 'Très esthétique.', 444, 33),
    ('2024-01-18', 8.0, 'Travail propre.', 445, 39),
    ('2024-01-18', 8.5, 'Bonne ambiance visuelle.', 445, 19),
    ('2024-01-16', 9.0, 'Un bel équilibre.', 446, 27),
    ('2024-01-16', 8.5, 'Approche intéressante.', 446, 31),
    ('2024-01-17', 8.5, 'Inspiration moderne.', 447, 40),
    ('2024-01-17', 9.0, 'Très réussi.', 447, 34),
    ('2024-01-18', 8.0, 'Design soigné.', 448, 40),
    ('2024-01-18', 8.5, 'Concept original.', 448, 19),


    ('2024-01-15', 9.5, 'Exceptionnel.', 449, 26),
    ('2024-01-15', 8.0, 'Bien maîtrisé.', 449, 20),
    ('2024-01-17', 9.0, 'Excellente harmonie.', 450, 41),
    ('2024-01-17', 8.5, 'Très esthétique.', 450, 34),
    ('2024-01-18', 8.0, 'Travail propre.', 451, 40),
    ('2024-01-18', 8.5, 'Bonne ambiance visuelle.', 451, 41),
    ('2024-01-16', 9.0, 'Un bel équilibre.', 452, 25),
    ('2024-01-16', 8.5, 'Approche intéressante.', 452, 19),
    ('2024-01-17', 8.5, 'Inspiration moderne.', 453, 34),
    ('2024-01-17', 9.0, 'Très réussi.', 453, 33),
    ('2024-01-18', 8.0, 'Design soigné.', 454, 39),
    ('2024-01-18', 8.5, 'Concept original.', 454, 20),


    ('2024-01-15', 9.5, 'Exceptionnel.', 455, 26),
    ('2024-01-15', 8.0, 'Bien maîtrisé.', 455, 20),
    ('2024-01-17', 9.0, 'Excellente harmonie.', 456, 41),
    ('2024-01-17', 8.5, 'Très esthétique.', 456, 34),
    ('2024-01-18', 8.0, 'Travail propre.', 457, 40),
    ('2024-01-18', 8.5, 'Bonne ambiance visuelle.', 457, 41),
    ('2024-01-16', 9.0, 'Un bel équilibre.', 458, 25),
    ('2024-01-16', 8.5, 'Approche intéressante.', 458, 19),
    ('2024-01-17', 8.5, 'Inspiration moderne.', 459, 34),
    ('2024-01-17', 9.0, 'Très réussi.', 459, 33),
    ('2024-01-18', 8.0, 'Design soigné.', 460, 39),
    ('2024-01-18', 8.5, 'Concept original.', 460, 28),
    ('2024-01-15', 9.5, 'Exceptionnel.', 461, 20),
    ('2024-01-15', 8.0, 'Bien maîtrisé.', 461, 29),


    ('2024-01-17', 9.0, 'Excellente harmonie.', 462, 19),
    ('2024-01-17', 8.5, 'Très esthétique.', 462, 41),
    ('2024-01-17', 9.0, 'Excellente harmonie.', 463, 25),
    ('2024-01-17', 8.5, 'Très esthétique.', 463, 40),
    ('2024-01-18', 8.0, 'Travail propre.', 464, 32),
    ('2024-01-18', 8.5, 'Bonne ambiance visuelle.', 464, 26),
    ('2024-01-16', 9.0, 'Un bel équilibre.', 465, 20),
    ('2024-01-16', 8.5, 'Approche intéressante.', 465, 41),
    ('2024-01-17', 8.5, 'Inspiration moderne.', 466, 19),
    ('2024-01-17', 9.0, 'Très réussi.', 466, 29),
    ('2024-01-18', 8.0, 'Design soigné.', 467, 27),
    ('2024-01-18', 8.5, 'Concept original.', 467, 39),


    ('2024-01-15', 9.5, 'Exceptionnel.', 468, 33),
    ('2024-01-15', 8.0, 'Bien maîtrisé.', 468, 20),
    ('2024-01-17', 9.0, 'Excellente harmonie.', 469, 25),
    ('2024-01-17', 8.5, 'Très esthétique.', 469, 34),
    ('2024-01-18', 8.0, 'Travail propre.', 470, 19),
    ('2024-01-18', 8.5, 'Bonne ambiance visuelle.', 470, 27),
    ('2024-01-16', 9.0, 'Un bel équilibre.', 471, 30),
    ('2024-01-16', 8.5, 'Approche intéressante.', 471, 32),
    ('2024-01-17', 8.5, 'Inspiration moderne.', 472, 35),
    ('2024-01-17', 9.0, 'Très réussi.', 472, 25),
    ('2024-01-18', 8.0, 'Design soigné.', 473, 30),
    ('2024-01-18', 8.5, 'Concept original.', 473, 19),



    ('2024-01-15', 9.5, 'Exceptionnel.', 474, 40),
    ('2024-01-15', 8.0, 'Bien maîtrisé.', 474, 30),
    ('2024-01-17', 9.0, 'Excellente harmonie.', 475, 25),
    ('2024-01-17', 8.5, 'Très esthétique.', 475, 35),
    ('2024-01-18', 8.0, 'Travail propre.', 476, 32),
    ('2024-01-18', 8.5, 'Bonne ambiance visuelle.', 476, 30),
    ('2024-01-16', 9.0, 'Un bel équilibre.', 477, 27),
    ('2024-01-16', 8.5, 'Approche intéressante.', 477, 41),
    ('2024-01-17', 8.5, 'Inspiration moderne.', 478, 34),
    ('2024-01-17', 9.0, 'Très réussi.', 478, 25),
    ('2024-01-18', 8.0, 'Design soigné.', 479, 39),
    ('2024-01-18', 8.5, 'Concept original.', 479, 33),
    ('2024-01-15', 9.5, 'Exceptionnel.', 480, 26),
    ('2024-01-15', 8.0, 'Bien maîtrisé.', 480, 40),
    ('2024-01-17', 9.0, 'Excellente harmonie.', 481, 29),
    ('2024-01-17', 8.5, 'Très esthétique.', 481, 35),



    ('2024-01-18', 8.0, 'Travail propre.', 482, 19),
    ('2024-01-18', 8.5, 'Bonne ambiance visuelle.', 482, 29),
    ('2024-01-16', 9.0, 'Un bel équilibre.', 483, 30),
    ('2024-01-16', 8.5, 'Approche intéressante.', 483, 40),
    ('2024-01-17', 8.5, 'Inspiration moderne.', 484, 30),
    ('2024-01-17', 9.0, 'Très réussi.', 484, 20),
    ('2024-01-18', 8.0, 'Design soigné.', 485, 33),
    ('2024-01-18', 8.5, 'Concept original.', 485, 31),



    ('2024-01-18', 8.0, 'Travail propre.', 486, 29),
    ('2024-01-18', 8.5, 'Bonne ambiance visuelle.', 486, 45),


    ('2024-01-16', 9.0, 'Un bel équilibre.', 487, 31),
    ('2024-01-16', 8.5, 'Approche intéressante.', 487, 41),
    ('2024-01-17', 8.5, 'Inspiration moderne.', 488, 32),
    ('2024-01-17', 9.0, 'Très réussi.', 488, 29);


-- Table ClubParticipe (Assurer qu'il y a au moins 6 clubs dans chaque concours)
INSERT INTO ClubParticipe (numClub, numConcours)
VALUES
    (1, 1),
    (2, 1),
    (3, 1),
    (4, 1),
    (6, 1),
    (7, 1),
    (8, 1),
    (1, 2),
    (2, 2),
    (3, 2),
    (4, 2),
    (7, 2),
    (8, 2),
    (10, 2),
    (2, 3),
    (3, 3),
    (4, 3),
    (5, 3),
    (6, 3),
    (8, 3),
    (10, 3),
    (1, 4),
    (3, 4),
    (4, 4),
    (5, 4),
    (6, 4),
    (8, 4),
    (1, 5),
    (2, 5),
    (3, 5),
    (5, 5),
    (6, 5),
    (7, 5),
    (8, 5),
    (10, 5),
    (1, 6),
    (2, 6),
    (4, 6),
    (6, 6),
    (7, 6),
    (10, 6),
    (1, 7),
    (2, 7),
    (3, 7),
    (4, 7),
    (8, 7),
    (9, 7),
    (10, 7),
    (1 ,8),
    (2, 8),
    (4, 8),
    (5, 8),
    (6, 8),
    (8, 8),
    (10, 8),
    (1, 9),
    (3, 9),
    (4, 9),
    (5, 9),
    (6, 9),
    (8, 9),
    (1, 10),
    (2, 10),
    (3, 10),
    (5, 10),
    (6, 10),
    (7, 10),
    (8, 10),
    (10, 10),
    (3, 11),
    (4, 11),
    (5, 11),
    (6, 11),
    (8, 11),
    (9, 11),
    (2, 12),
    (3, 12),
    (5, 12),
    (6, 12),
    (7, 12),
    (8, 12),
    (10, 12);

-- Table CompetiteurParticipe (Un compétiteur peut participer à un concours)
INSERT INTO CompetiteurParticipe (numConcours, numCompetiteur)
VALUES
(1, 18),
(1, 48),
(1, 49),
(1, 50),
(1, 51),
(1, 52),
(1, 53),
(1, 21),
(1, 58),
(1, 59),
(1, 60),
(1, 61),
(1, 62),
(1, 63),
(1, 24),
(1, 68),
(1, 69),
(1, 70),
(1, 71),
(1, 72),
(1, 73),
(1, 78),
(1, 79),
(1, 80),
(1, 81),
(1, 82),
(1, 83),
(1, 98),
(1, 99),
(1, 100),
(1, 101),
(1, 102),
(1, 103),
(1, 108),
(1, 109),
(1, 110),
(1, 111),
(1, 112),
(1, 113),
(1, 118),
(1, 119),
(1, 120),
(1, 121),
(1, 122),
(1, 123),
(2, 18),
(2, 48),
(2, 49),
(2, 50),
(2, 51),
(2, 52),
(2, 53),
(2, 21),
(2, 58),
(2, 59),
(2, 60),
(2, 61),
(2, 62),
(2, 63),
(2, 24),
(2, 68),
(2, 69),
(2, 70),
(2, 71),
(2, 72),
(2, 73),
(2, 78),
(2, 79),
(2, 80),
(2, 81),
(2, 82),
(2, 83),
(2, 108),
(2, 109),
(2, 110),
(2, 111),
(2, 112),
(2, 113),
(2, 118),
(2, 119),
(2, 120),
(2, 121),
(2, 122),
(2, 123),
(2, 138),
(2, 139),
(2, 140),
(2, 141),
(2, 142),
(2, 143),
(3, 21),
(3, 58),
(3, 59),
(3, 60),
(3, 61),
(3, 62),
(3, 63),
(3, 24),
(3, 68),
(3, 69),
(3, 70),
(3, 71),
(3, 72),
(3, 73),
(3, 78),
(3, 79),
(3, 80),
(3, 81),
(3, 82),
(3, 83),
(3, 88),
(3, 89),
(3, 90),
(3, 91),
(3, 92),
(3, 93),
(3, 98),
(3, 99),
(3, 100),
(3, 101),
(3, 102),
(3, 103),
(3, 118),
(3, 119),
(3, 120),
(3, 121),
(3, 122),
(3, 123),
(3, 138),
(3, 139),
(3, 140),
(3, 141),
(3, 142),
(3, 143),
(4, 18),
(4, 48),
(4, 49),
(4, 50),
(4, 51),
(4, 52),
(4, 53),
(4, 24),
(4, 68),
(4, 69),
(4, 70),
(4, 71),
(4, 72),
(4, 73),
(4, 78),
(4, 79),
(4, 80),
(4, 81),
(4, 82),
(4, 83),
(4, 88),
(4, 89),
(4, 90),
(4, 91),
(4, 92),
(4, 93),
(4, 98),
(4, 99),
(4, 100),
(4, 101),
(4, 102),
(4, 103),
(4, 118),
(4, 119),
(4, 120),
(4, 121),
(4, 122),
(4, 123),
(5, 18),
(5, 48),
(5, 49),
(5, 50),
(5, 51),
(5, 52),
(5, 53),
(5, 21),
(5, 58),
(5, 59),
(5, 60),
(5, 61),
(5, 62),
(5, 63),
(5, 24),
(5, 68),
(5, 69),
(5, 70),
(5, 71),
(5, 72),
(5, 73),
(5, 88),
(5, 89),
(5, 90),
(5, 91),
(5, 92),
(5, 93),
(5, 98),
(5, 99),
(5, 100),
(5, 101),
(5, 102),
(5, 103),
(5, 108),
(5, 109),
(5, 110),
(5, 111),
(5, 112),
(5, 113),
(5, 118),
(5, 119),
(5, 120),
(5, 121),
(5, 122),
(5, 123),
(5, 138),
(5, 139),
(5, 140),
(5, 141),
(5, 142),
(5, 143),
(6, 18),
(6, 48),
(6, 49),
(6, 50),
(6, 51),
(6, 52),
(6, 53),
(6, 21),
(6, 58),
(6, 59),
(6, 60),
(6, 61),
(6, 62),
(6, 63),
(6, 78),
(6, 79),
(6, 80),
(6, 81),
(6, 82),
(6, 83),
(6, 98),
(6, 99),
(6, 100),
(6, 101),
(6, 102),
(6, 103),
(6, 108),
(6, 109),
(6, 110),
(6, 111),
(6, 112),
(6, 113),
(6, 138),
(6, 139),
(6, 140),
(6, 141),
(6, 142),
(6, 143),
(7, 18),
(7, 48),
(7, 49),
(7, 50),
(7, 51),
(7, 52),
(7, 53),
(7, 21),
(7, 58),
(7, 59),
(7, 60),
(7, 61),
(7, 62),
(7, 63),
(7, 24),
(7, 68),
(7, 69),
(7, 70),
(7, 71),
(7, 72),
(7, 73),
(7, 78),
(7, 79),
(7, 80),
(7, 81),
(7, 82),
(7, 83),
(7, 118),
(7, 119),
(7, 120),
(7, 121),
(7, 122),
(7, 123),
(7, 128),
(7, 129),
(7, 130),
(7, 131),
(7, 132),
(7, 133),
(7, 138),
(7, 139),
(7, 140),
(7, 141),
(7, 142),
(7, 143),
(8, 18),
(8, 48),
(8, 49),
(8, 50),
(8, 51),
(8, 52),
(8, 53),
(8, 21),
(8, 58),
(8, 59),
(8, 60),
(8, 61),
(8, 62),
(8, 63),
(8, 78),
(8, 79),
(8, 80),
(8, 81),
(8, 82),
(8, 83),
(8, 88),
(8, 89),
(8, 90),
(8, 91),
(8, 92),
(8, 93),
(8, 98),
(8, 99),
(8, 100),
(8, 101),
(8, 102),
(8, 103),
(8, 118),
(8, 119),
(8, 120),
(8, 121),
(8, 122),
(8, 123),
(8, 138),
(8, 139),
(8, 140),
(8, 141),
(8, 142),
(8, 143),
(9, 18),
(9, 48),
(9, 49),
(9, 50),
(9, 51),
(9, 52),
(9, 53),
(9, 24),
(9, 68),
(9, 69),
(9, 70),
(9, 71),
(9, 72),
(9, 73),
(9, 78),
(9, 79),
(9, 80),
(9, 81),
(9, 82),
(9, 83),
(9, 88),
(9, 89),
(9, 90),
(9, 91),
(9, 92),
(9, 93),
(9, 98),
(9, 99),
(9, 100),
(9, 101),
(9, 102),
(9, 103),
(9, 118),
(9, 119),
(9, 120),
(9, 121),
(9, 122),
(9, 123),
(10, 18),
(10, 48),
(10, 49),
(10, 50),
(10, 51),
(10, 52),
(10, 53),
(10, 21),
(10, 58),
(10, 59),
(10, 60),
(10, 61),
(10, 62),
(10, 63),
(10, 24),
(10, 68),
(10, 69),
(10, 70),
(10, 71),
(10, 72),
(10, 73),
(10, 88),
(10, 89),
(10, 90),
(10, 91),
(10, 92),
(10, 93),
(10, 98),
(10, 99),
(10, 100),
(10, 101),
(10, 102),
(10, 103),
(10, 108),
(10, 109),
(10, 110),
(10, 111),
(10, 112),
(10, 113),
(10, 118),
(10, 119),
(10, 120),
(10, 121),
(10, 122),
(10, 123),
(10, 138),
(10, 139),
(10, 140),
(10, 141),
(10, 142),
(10, 143),
(11, 24),
(11, 68),
(11, 69),
(11, 70),
(11, 71),
(11, 72),
(11, 73),
(11, 78),
(11, 79),
(11, 80),
(11, 81),
(11, 82),
(11, 83),
(11, 88),
(11, 89),
(11, 90),
(11, 91),
(11, 92),
(11, 93),
(11, 98),
(11, 99),
(11, 100),
(11, 101),
(11, 102),
(11, 103),
(11, 118),
(11, 119),
(11, 120),
(11, 121),
(11, 122),
(11, 123),
(11, 138),
(11, 139),
(11, 140),
(11, 141),
(11, 142),
(11, 143),
(12, 21),
(12, 58),
(12, 59),
(12, 60),
(12, 61),
(12, 62),
(12, 63),
(12, 24),
(12, 68),
(12, 69),
(12, 70),
(12, 71),
(12, 72),
(12, 73),
(12, 88),
(12, 89),
(12, 90),
(12, 91),
(12, 92),
(12, 93),
(12, 98),
(12, 99),
(12, 100),
(12, 101),
(12, 102),
(12, 103),
(12, 108),
(12, 109),
(12, 110),
(12, 111),
(12, 112),
(12, 113),
(12, 118),
(12, 119),
(12, 120),
(12, 121),
(12, 122),
(12, 123),
(12, 138),
(12, 139),
(12, 140),
(12, 141),
(12, 142),
(12, 143);


-- Table EvaluateurJury (Un dessin doit être évalué par deux évaluateurs, un jury)
INSERT INTO EvaluateurJury (numConcours, numEvaluateur)
VALUES
    (1, 18),
    (1, 19),
    (1, 20),
    (1, 21),
    (1, 22),
    (1, 23),
    (1, 24),
    (1, 25),
    (1, 26),
    (1, 27),
    (1, 28),
    (1, 29),
    (1, 33),
    (1, 34),
    (1, 35),
    (1, 36),
    (1, 37),
    (1, 38),
    (1, 39),
    (1, 40),
    (1, 41),


    (2, 18),
    (2, 19),
    (2, 20),
    (2, 21),
    (2, 22),
    (2, 23),
    (2, 24),
    (2, 25),
    (2, 26),
    (2, 27),
    (2, 28),
    (2, 29),
    (2, 36),
    (2, 37),
    (2, 38),
    (2, 39),
    (2, 40),
    (2, 41),
    (2, 45),
    (2, 46),
    (2, 47),


    (3, 21),
    (3, 22),
    (3, 23),
    (3, 24),
    (3, 25),
    (3, 26),
    (3, 27),
    (3, 28),
    (3, 29),
    (3, 30),
    (3, 31),
    (3, 32),
    (3, 33),
    (3, 34),
    (3, 35),
    (3, 39),
    (3, 40),
    (3, 41),
    (3, 45),
    (3, 46),
    (3, 47),


    (4, 18),
    (4, 19),
    (4, 20),
    (4, 24),
    (4, 25),
    (4, 26),
    (4, 27),
    (4, 28),
    (4, 29),
    (4, 30),
    (4, 31),
    (4, 32),
    (4, 33),
    (4, 34),
    (4, 35),
    (4, 39),
    (4, 40),
    (4, 41),


    (5, 18),
    (5, 19),
    (5, 20),
    (5, 21),
    (5, 22),
    (5, 23),
    (5, 24),
    (5, 25),
    (5, 26),
    (5, 30),
    (5, 31),
    (5, 32),
    (5, 33),
    (5, 34),
    (5, 35),
    (5, 36),
    (5, 37),
    (5, 38),
    (5, 39),
    (5, 40),
    (5, 41),
    (5, 45),
    (5, 46),
    (5, 47),


    (6, 18),
    (6, 19),
    (6, 20),
    (6, 21),
    (6, 22),
    (6, 23),
    (6, 27),
    (6, 28),
    (6, 29),
    (6, 33),
    (6, 34),
    (6, 35),
    (6, 36),
    (6, 37),
    (6, 38),
    (6, 45),
    (6, 46),
    (6, 47),


    (7, 18),
    (7, 19),
    (7, 20),
    (7, 21),
    (7, 22),
    (7, 23),
    (7, 24),
    (7, 25),
    (7, 26),
    (7, 27),
    (7, 28),
    (7, 29),
    (7, 39),
    (7, 40),
    (7, 41),
    (7, 42),
    (7, 43),
    (7, 44),
    (7, 45),
    (7, 46),
    (7, 47),


    (8, 18),
    (8, 19),
    (8, 20),
    (8, 21),
    (8, 22),
    (8, 23),
    (8, 27),
    (8, 28),
    (8, 29),
    (8, 30),
    (8, 31),
    (8, 32),
    (8, 33),
    (8, 34),
    (8, 35),
    (8, 39),
    (8, 40),
    (8, 41),
    (8, 45),
    (8, 46),
    (8, 47),


    (9, 18),
    (9, 19),
    (9, 20),
    (9, 24),
    (9, 25),
    (9, 26),
    (9, 27),
    (9, 28),
    (9, 29),
    (9, 30),
    (9, 31),
    (9, 32),
    (9, 33),
    (9, 34),
    (9, 35),
    (9, 39),
    (9, 40),
    (9, 41),


    (10, 18),
    (10, 19),
    (10, 20),
    (10, 21),
    (10, 22),
    (10, 23),
    (10, 24),
    (10, 25),
    (10, 26),
    (10, 30),
    (10, 31),
    (10, 32),
    (10, 33),
    (10, 34),
    (10, 35),
    (10, 36),
    (10, 37),
    (10, 38),
    (10, 39),
    (10, 40),
    (10, 41),
    (10, 45),
    (10, 46),
    (10, 47),


    (11, 24),
    (11, 25),
    (11, 26),
    (11, 27),
    (11, 28),
    (11, 29),
    (11, 30),
    (11, 31),
    (11, 32),
    (11, 33),
    (11, 34),
    (11, 35),
    (11, 39),
    (11, 40),
    (11, 41),
    (11, 42),
    (11, 43),
    (11, 44),


    (12, 21),
    (12, 22),
    (12, 23),
    (12, 24),
    (12, 25),
    (12, 26),
    (12, 30),
    (12, 31),
    (12, 32),
    (12, 33),
    (12, 34),
    (12, 35),
    (12, 36),
    (12, 37),
    (12, 38),
    (12, 39),
    (12, 40),
    (12, 41),
    (12, 45),
    (12, 46),
    (12, 47);